Channel,Hardware Channel,WindowStartIdx,WindowEndIdx,WindowStartSec,WindowEndSec,Mean,Std,Skewness,Day,Experiment,Wavelength,SkinTone,Orientation,Pol
Unpolarized_A_Green,C5,0,250,0.0,10.0,4.547473508864641e-16,49.4097068063564,0.6469576114853961,Day_4,Experiment_3,IR,Dark,90,Un. Pol
Unpolarized_A_Green,C5,25,275,1.0,11.0,4.547473508864641e-16,49.53683993509379,0.6217739197733194,Day_4,Experiment_3,IR,Dark,90,Un. Pol
Unpolarized_A_Green,C5,50,300,2.0,12.0,-5.968558980384842e-16,50.0822909789304,0.5895407086540926,Day_4,Experiment_3,IR,Dark,90,Un. Pol
Unpolarized_A_Green,C5,75,325,3.0,13.0,3.979039320256561e-16,50.03687987647176,0.5353863753044676,Day_4,Experiment_3,IR,Dark,90,Un. Pol
Unpolarized_A_Green,C5,100,350,4.0,14.0,-6.593836587853731e-15,48.807364670348335,1.9807267374816877,Day_4,Experiment_3,IR,Dark,90,Un. Pol
Unpolarized_A_Green,C5,125,375,5.0,15.0,-6.821210263296962e-16,22.624958021322847,-0.4355297032572434,Day_4,Experiment_3,IR,Dark,90,Un. Pol
Unpolarized_A_Green,C5,150,400,6.0,16.0,4.547473508864641e-16,23.667525038332037,0.4257731026238875,Day_4,Experiment_3,IR,Dark,90,Un. Pol
Unpolarized_A_Green,C5,175,425,7.0,17.0,-1.1368683772161603e-16,22.765099630692852,0.4781239209060313,Day_4,Experiment_3,IR,Dark,90,Un. Pol
Unpolarized_A_Green,C5,200,450,8.0,18.0,2.1316282072803002e-16,23.14005621517566,0.5106349220225982,Day_4,Experiment_3,IR,Dark,90,Un. Pol
Unpolarized_A_Green,C5,225,475,9.0,19.0,2.2737367544323206e-16,23.582766272803426,0.4378884797791037,Day_4,Experiment_3,IR,Dark,90,Un. Pol
Unpolarized_A_Green,C5,250,500,10.0,20.0,0.0,23.888854677927743,0.4824697784541709,Day_4,Experiment_3,IR,Dark,90,Un. Pol
Unpolarized_A_Green,C5,275,525,11.0,21.0,-4.2632564145606006e-17,22.67711839516392,0.5901689620043907,Day_4,Experiment_3,IR,Dark,90,Un. Pol
Unpolarized_A_Green,C5,300,550,12.0,22.0,4.547473508864641e-16,23.327794985430696,0.6284249590447271,Day_4,Experiment_3,IR,Dark,90,Un. Pol
Unpolarized_A_Green,C5,325,575,13.0,23.0,0.0,23.581217181918227,0.5927240864912237,Day_4,Experiment_3,IR,Dark,90,Un. Pol
Unpolarized_A_Green,C5,350,600,14.0,24.0,-2.5579538487363605e-16,21.641803584426395,0.3392172094647669,Day_4,Experiment_3,IR,Dark,90,Un. Pol
Unpolarized_A_Green,C5,375,625,15.0,25.0,5.684341886080802e-17,15.128534884920764,-0.3062734398571206,Day_4,Experiment_3,IR,Dark,90,Un. Pol
Unpolarized_A_Green,C5,400,650,16.0,26.0,2.2737367544323206e-16,13.71563143835388,-0.1144053111236646,Day_4,Experiment_3,IR,Dark,90,Un. Pol
Unpolarized_A_Green,C5,425,675,17.0,27.0,-6.821210263296962e-16,14.118054530353502,-0.0309158648082607,Day_4,Experiment_3,IR,Dark,90,Un. Pol
Unpolarized_A_Green,C5,450,700,18.0,28.0,7.673861546209082e-16,14.179249170311472,-0.1234974159803177,Day_4,Experiment_3,IR,Dark,90,Un. Pol
Unpolarized_A_Green,C5,475,725,19.0,29.0,1.7763568394002506e-16,12.485448482203196,0.0674974842044661,Day_4,Experiment_3,IR,Dark,90,Un. Pol
Unpolarized_A_Green,C5,500,750,20.0,30.0,-1.1368683772161603e-16,12.228728501586437,-0.0756858034526569,Day_4,Experiment_3,IR,Dark,90,Un. Pol
Unpolarized_A_Green,C5,525,775,21.0,31.0,5.3290705182007506e-17,13.14433076489162,0.0511448091323722,Day_4,Experiment_3,IR,Dark,90,Un. Pol
Unpolarized_A_Green,C5,550,800,22.0,32.0,1.5631940186722203e-16,16.082460817595003,-0.290729025080931,Day_4,Experiment_3,IR,Dark,90,Un. Pol
Unpolarized_A_Green,C5,575,825,23.0,33.0,1.70530256582424e-16,16.779917243965915,-0.0522836999753918,Day_4,Experiment_3,IR,Dark,90,Un. Pol
Unpolarized_A_Green,C5,600,850,24.0,34.0,5.684341886080802e-17,15.597314906304014,-0.0059928136348845,Day_4,Experiment_3,IR,Dark,90,Un. Pol
Unpolarized_A_Green,C5,625,875,25.0,35.0,-5.684341886080802e-17,15.60386935410298,0.0288168252214772,Day_4,Experiment_3,IR,Dark,90,Un. Pol
Unpolarized_A_Green,C5,650,900,26.0,36.0,-4.547473508864641e-16,15.86181787758537,-0.0643933358012828,Day_4,Experiment_3,IR,Dark,90,Un. Pol
Unpolarized_A_Green,C5,675,925,27.0,37.0,-5.684341886080802e-17,16.627751684809454,-0.1680434830578291,Day_4,Experiment_3,IR,Dark,90,Un. Pol
Unpolarized_A_Green,C5,700,950,28.0,38.0,-1.1368683772161603e-16,16.740821984285642,-0.0993460624757641,Day_4,Experiment_3,IR,Dark,90,Un. Pol
Unpolarized_A_Green,C5,725,975,29.0,39.0,5.6843418860808095e-16,17.27549182433356,-0.16918183482657,Day_4,Experiment_3,IR,Dark,90,Un. Pol
Unpolarized_A_Green,C5,750,1000,30.0,40.0,-1.1368683772161603e-16,16.482091976385856,-0.2459453798940541,Day_4,Experiment_3,IR,Dark,90,Un. Pol
Unpolarized_A_Green,C5,775,1025,31.0,41.0,5.684341886080802e-17,15.517911384033482,-0.6148879588574258,Day_4,Experiment_3,IR,Dark,90,Un. Pol
Unpolarized_A_Green,C5,800,1050,32.0,42.0,-4.2632564145606006e-17,15.74769807609226,0.1252706006236122,Day_4,Experiment_3,IR,Dark,90,Un. Pol
Unpolarized_A_Green,C5,825,1075,33.0,43.0,0.0,14.470316125321714,-0.1784708735563617,Day_4,Experiment_3,IR,Dark,90,Un. Pol
Unpolarized_A_Green,C5,850,1100,34.0,44.0,2.5579538487363605e-16,14.659475951301772,-0.1014622986568518,Day_4,Experiment_3,IR,Dark,90,Un. Pol
Unpolarized_A_Green,C5,875,1125,35.0,45.0,1.4210854715202004e-16,14.626860451403784,-0.035066715442262,Day_4,Experiment_3,IR,Dark,90,Un. Pol
Unpolarized_A_Green,C5,900,1150,36.0,46.0,-1.4210854715202004e-16,13.5087380952709,0.0761084648888917,Day_4,Experiment_3,IR,Dark,90,Un. Pol
Unpolarized_A_Green,C5,925,1175,37.0,47.0,1.4210854715202004e-16,14.780983577479216,0.1116288417536697,Day_4,Experiment_3,IR,Dark,90,Un. Pol
Unpolarized_A_Green,C5,950,1200,38.0,48.0,-1.5631940186722203e-16,12.928724317948028,0.0703024883865953,Day_4,Experiment_3,IR,Dark,90,Un. Pol
Unpolarized_A_Green,C5,975,1225,39.0,49.0,-1.2789769243681802e-16,13.90623930767443,-0.06713549595155,Day_4,Experiment_3,IR,Dark,90,Un. Pol
Unpolarized_A_Green,C5,1000,1250,40.0,50.0,8.5265128291212e-17,13.864329635891597,-0.2773911957135755,Day_4,Experiment_3,IR,Dark,90,Un. Pol
Unpolarized_A_Green,C5,1025,1275,41.0,51.0,-4.547473508864641e-16,13.728587116391688,0.9193772914958228,Day_4,Experiment_3,IR,Dark,90,Un. Pol
Unpolarized_A_Green,C5,1050,1300,42.0,52.0,-1.1368683772161603e-16,10.447043248772012,-0.1019822355131473,Day_4,Experiment_3,IR,Dark,90,Un. Pol
Unpolarized_A_Green,C5,1075,1325,43.0,53.0,5.684341886080802e-17,10.340104126803958,-0.0917109960016047,Day_4,Experiment_3,IR,Dark,90,Un. Pol
Unpolarized_A_Green,C5,1100,1350,44.0,54.0,-4.8316906031686895e-16,13.725596683196711,0.4243420222870559,Day_4,Experiment_3,IR,Dark,90,Un. Pol
Unpolarized_A_Green,C5,1125,1375,45.0,55.0,-3.2684965844964613e-16,11.608155415862276,-0.2596725698490459,Day_4,Experiment_3,IR,Dark,90,Un. Pol
Unpolarized_A_Green,C5,1150,1400,46.0,56.0,2.2737367544323206e-16,21.675002910437012,-1.1043225836185473,Day_4,Experiment_3,IR,Dark,90,Un. Pol
Unpolarized_A_Green,C5,1175,1425,47.0,57.0,-4.050093593832571e-16,73.78540573414561,1.3034557521700776,Day_4,Experiment_3,IR,Dark,90,Un. Pol
Unpolarized_A_Green,C5,1200,1450,48.0,58.0,-1.2789769243681802e-16,72.33145641214361,0.6394942026360076,Day_4,Experiment_3,IR,Dark,90,Un. Pol
Unpolarized_A_Green,C5,1225,1475,49.0,59.0,-1.4779288903810085e-15,72.59026467219098,0.6545188608036585,Day_4,Experiment_3,IR,Dark,90,Un. Pol
Unpolarized_A_Green,C5,1250,1500,50.0,60.0,1.1368683772161605e-15,72.67942072025305,0.6997547352155431,Day_4,Experiment_3,IR,Dark,90,Un. Pol
Unpolarized_A_Red,C2,0,250,0.0,10.0,1.2505552149377765e-15,45.12364291625755,0.7151006869999913,Day_4,Experiment_3,IR,Dark,90,Un. Pol
Unpolarized_A_Red,C2,25,275,1.0,11.0,-1.5916157281026244e-15,78.90065276914183,-0.0575513615210337,Day_4,Experiment_3,IR,Dark,90,Un. Pol
Unpolarized_A_Red,C2,50,300,2.0,12.0,-2.842170943040401e-17,78.77054308733764,0.6531909000559699,Day_4,Experiment_3,IR,Dark,90,Un. Pol
Unpolarized_A_Red,C2,75,325,3.0,13.0,-3.979039320256561e-16,79.0780563411552,0.554317839424374,Day_4,Experiment_3,IR,Dark,90,Un. Pol
Unpolarized_A_Red,C2,100,350,4.0,14.0,6.821210263296962e-16,79.00284143604465,0.5695018483382346,Day_4,Experiment_3,IR,Dark,90,Un. Pol
Unpolarized_A_Red,C2,125,375,5.0,15.0,9.094947017729285e-16,79.16756416042692,0.5807101332059311,Day_4,Experiment_3,IR,Dark,90,Un. Pol
Unpolarized_A_Red,C2,150,400,6.0,16.0,2.842170943040401e-16,79.51198348316989,0.596777180013659,Day_4,Experiment_3,IR,Dark,90,Un. Pol
Unpolarized_A_Red,C2,175,425,7.0,17.0,0.0,79.50054974894181,0.5540922004647804,Day_4,Experiment_3,IR,Dark,90,Un. Pol
Unpolarized_A_Red,C2,200,450,8.0,18.0,7.958078640513122e-16,79.42864569129924,0.5658093848553688,Day_4,Experiment_3,IR,Dark,90,Un. Pol
Unpolarized_A_Red,C2,225,475,9.0,19.0,-7.105427357601002e-16,78.96914971639154,0.5299992576565021,Day_4,Experiment_3,IR,Dark,90,Un. Pol
Unpolarized_A_Red,C2,250,500,10.0,20.0,-1.3642420526593924e-15,47.628989912882595,-2.514719424278145,Day_4,Experiment_3,IR,Dark,90,Un. Pol
Unpolarized_A_Red,C2,275,525,11.0,21.0,1.1368683772161603e-16,17.994609888207915,0.306165080450416,Day_4,Experiment_3,IR,Dark,90,Un. Pol
Unpolarized_A_Red,C2,300,550,12.0,22.0,0.0,19.164006590221025,0.3349954335461147,Day_4,Experiment_3,IR,Dark,90,Un. Pol
Unpolarized_A_Red,C2,325,575,13.0,23.0,1.70530256582424e-16,17.405297652470605,0.0790718007141681,Day_4,Experiment_3,IR,Dark,90,Un. Pol
Unpolarized_A_Red,C2,350,600,14.0,24.0,-1.4210854715202004e-17,13.807365952908633,-0.1491244493777656,Day_4,Experiment_3,IR,Dark,90,Un. Pol
Unpolarized_A_Red,C2,375,625,15.0,25.0,-1.70530256582424e-16,13.05165110257883,-0.1492377250119954,Day_4,Experiment_3,IR,Dark,90,Un. Pol
Unpolarized_A_Red,C2,400,650,16.0,26.0,3.1263880373444406e-16,12.593435417607717,-0.059501526385668,Day_4,Experiment_3,IR,Dark,90,Un. Pol
Unpolarized_A_Red,C2,425,675,17.0,27.0,2.2737367544323206e-16,12.139243914641527,-0.3356228442044971,Day_4,Experiment_3,IR,Dark,90,Un. Pol
Unpolarized_A_Red,C2,450,700,18.0,28.0,0.0,12.29850376686349,-0.3920315135740612,Day_4,Experiment_3,IR,Dark,90,Un. Pol
Unpolarized_A_Red,C2,475,725,19.0,29.0,7.105427357601002e-18,12.57826951916393,-0.3812115646552123,Day_4,Experiment_3,IR,Dark,90,Un. Pol
Unpolarized_A_Red,C2,500,750,20.0,30.0,0.0,13.385612632949558,-0.3989668958256171,Day_4,Experiment_3,IR,Dark,90,Un. Pol
Unpolarized_A_Red,C2,525,775,21.0,31.0,-2.842170943040401e-16,15.49099541944364,-0.5403879883315877,Day_4,Experiment_3,IR,Dark,90,Un. Pol
Unpolarized_A_Red,C2,550,800,22.0,32.0,-1.8474111129762604e-16,15.174676125736411,-0.2723150100366965,Day_4,Experiment_3,IR,Dark,90,Un. Pol
Unpolarized_A_Red,C2,575,825,23.0,33.0,-7.105427357601002e-17,15.493988238078405,-0.4512640257172922,Day_4,Experiment_3,IR,Dark,90,Un. Pol
Unpolarized_A_Red,C2,600,850,24.0,34.0,3.410605131648481e-16,16.064087147979226,-0.3521535907354956,Day_4,Experiment_3,IR,Dark,90,Un. Pol
Unpolarized_A_Red,C2,625,875,25.0,35.0,-6.821210263296962e-16,16.465201014177623,-0.2144059783262625,Day_4,Experiment_3,IR,Dark,90,Un. Pol
Unpolarized_A_Red,C2,650,900,26.0,36.0,1.0302869668521452e-16,15.761795485334902,-0.3845815563226977,Day_4,Experiment_3,IR,Dark,90,Un. Pol
Unpolarized_A_Red,C2,675,925,27.0,37.0,-1.4210854715202004e-16,15.784342646885866,-0.2714085413628021,Day_4,Experiment_3,IR,Dark,90,Un. Pol
Unpolarized_A_Red,C2,700,950,28.0,38.0,2.5579538487363605e-16,15.47389293161406,-0.4145041775531456,Day_4,Experiment_3,IR,Dark,90,Un. Pol
Unpolarized_A_Red,C2,725,975,29.0,39.0,3.410605131648481e-16,16.043226762106535,-0.1366061238009319,Day_4,Experiment_3,IR,Dark,90,Un. Pol
Unpolarized_A_Red,C2,750,1000,30.0,40.0,1.7763568394002506e-16,13.371369746457242,-0.2263076245105976,Day_4,Experiment_3,IR,Dark,90,Un. Pol
Unpolarized_A_Red,C2,775,1025,31.0,41.0,-5.6843418860808095e-16,13.354010844544645,-0.1059244310605221,Day_4,Experiment_3,IR,Dark,90,Un. Pol
Unpolarized_A_Red,C2,800,1050,32.0,42.0,8.5265128291212e-17,13.159719028956628,-0.2435058516174658,Day_4,Experiment_3,IR,Dark,90,Un. Pol
Unpolarized_A_Red,C2,825,1075,33.0,43.0,-1.9895196601282808e-16,11.48174011655492,-0.2197205812250286,Day_4,Experiment_3,IR,Dark,90,Un. Pol
Unpolarized_A_Red,C2,850,1100,34.0,44.0,1.1368683772161603e-16,11.398965300000109,-0.2902869907204082,Day_4,Experiment_3,IR,Dark,90,Un. Pol
Unpolarized_A_Red,C2,875,1125,35.0,45.0,7.389644451905048e-16,13.18610893113159,-0.0064060224312683,Day_4,Experiment_3,IR,Dark,90,Un. Pol
Unpolarized_A_Red,C2,900,1150,36.0,46.0,4.973799150320702e-17,11.487512022135853,0.1792875121719981,Day_4,Experiment_3,IR,Dark,90,Un. Pol
Unpolarized_A_Red,C2,925,1175,37.0,47.0,-1.8474111129762604e-16,12.050528299626862,0.052286886873833,Day_4,Experiment_3,IR,Dark,90,Un. Pol
Unpolarized_A_Red,C2,950,1200,38.0,48.0,1.1368683772161603e-16,12.810849939104932,0.2700639439434147,Day_4,Experiment_3,IR,Dark,90,Un. Pol
Unpolarized_A_Red,C2,975,1225,39.0,49.0,-1.0658141036401505e-17,11.84289057100946,0.1332624619659032,Day_4,Experiment_3,IR,Dark,90,Un. Pol
Unpolarized_A_Red,C2,1000,1250,40.0,50.0,-7.105427357601002e-17,11.465402517333729,0.1215411580628275,Day_4,Experiment_3,IR,Dark,90,Un. Pol
Unpolarized_A_Red,C2,1025,1275,41.0,51.0,2.842170943040401e-16,11.754364697298548,0.2252950855558066,Day_4,Experiment_3,IR,Dark,90,Un. Pol
Unpolarized_A_Red,C2,1050,1300,42.0,52.0,3.410605131648481e-16,11.2785360345144,0.4563507741498427,Day_4,Experiment_3,IR,Dark,90,Un. Pol
Unpolarized_A_Red,C2,1075,1325,43.0,53.0,-2.842170943040401e-16,11.565663553630364,0.0227424399213112,Day_4,Experiment_3,IR,Dark,90,Un. Pol
Unpolarized_A_Red,C2,1100,1350,44.0,54.0,1.8474111129762604e-16,12.834343393014215,-0.0776677636357194,Day_4,Experiment_3,IR,Dark,90,Un. Pol
Unpolarized_A_Red,C2,1125,1375,45.0,55.0,3.552713678800501e-17,14.86492137701666,0.212185538003034,Day_4,Experiment_3,IR,Dark,90,Un. Pol
Unpolarized_A_Red,C2,1150,1400,46.0,56.0,2.2737367544323206e-16,14.48339617444927,-0.0740163445477707,Day_4,Experiment_3,IR,Dark,90,Un. Pol
Unpolarized_A_Red,C2,1175,1425,47.0,57.0,-4.263256414560601e-17,14.117367717723646,-0.2103129585420125,Day_4,Experiment_3,IR,Dark,90,Un. Pol
Unpolarized_A_Red,C2,1200,1450,48.0,58.0,-2.2737367544323206e-16,14.64355767727918,-0.1595868475566488,Day_4,Experiment_3,IR,Dark,90,Un. Pol
Unpolarized_A_Red,C2,1225,1475,49.0,59.0,8.5265128291212e-17,14.743441268227263,-0.01101563731633,Day_4,Experiment_3,IR,Dark,90,Un. Pol
Unpolarized_A_Red,C2,1250,1500,50.0,60.0,-1.70530256582424e-16,14.463480721506809,-0.1063496276237699,Day_4,Experiment_3,IR,Dark,90,Un. Pol
Unpolarized_A_IR,C4,0,250,0.0,10.0,3.2684965844964613e-16,114.08144370731696,-0.033215660788226,Day_4,Experiment_3,IR,Dark,90,Un. Pol
Unpolarized_A_IR,C4,25,275,1.0,11.0,-1.8189894035458565e-15,114.39354481689712,-0.0251939918965331,Day_4,Experiment_3,IR,Dark,90,Un. Pol
Unpolarized_A_IR,C4,50,300,2.0,12.0,-4.547473508864641e-16,114.37465857436212,-0.0448743498604769,Day_4,Experiment_3,IR,Dark,90,Un. Pol
Unpolarized_A_IR,C4,75,325,3.0,13.0,1.2789769243681805e-15,114.31781275149336,-0.0857051008533386,Day_4,Experiment_3,IR,Dark,90,Un. Pol
Unpolarized_A_IR,C4,100,350,4.0,14.0,0.0,114.35969450062996,-0.0445590891299211,Day_4,Experiment_3,IR,Dark,90,Un. Pol
Unpolarized_A_IR,C4,125,375,5.0,15.0,-1.2505552149377765e-15,116.784111217955,0.0588271161534833,Day_4,Experiment_3,IR,Dark,90,Un. Pol
Unpolarized_A_IR,C4,150,400,6.0,16.0,1.1368683772161603e-16,100.68662616110272,-0.8408244975332313,Day_4,Experiment_3,IR,Dark,90,Un. Pol
Unpolarized_A_IR,C4,175,425,7.0,17.0,4.547473508864641e-16,25.406731392637468,-0.0993397667950079,Day_4,Experiment_3,IR,Dark,90,Un. Pol
Unpolarized_A_IR,C4,200,450,8.0,18.0,-9.094947017729285e-16,26.186739631988782,-0.1181895973238334,Day_4,Experiment_3,IR,Dark,90,Un. Pol
Unpolarized_A_IR,C4,225,475,9.0,19.0,0.0,24.310404821939276,-0.096186037284254,Day_4,Experiment_3,IR,Dark,90,Un. Pol
Unpolarized_A_IR,C4,250,500,10.0,20.0,-8.5265128291212e-17,23.718485281772885,-0.079969034006773,Day_4,Experiment_3,IR,Dark,90,Un. Pol
Unpolarized_A_IR,C4,275,525,11.0,21.0,-8.5265128291212e-17,22.75245010087451,-0.0860595854526021,Day_4,Experiment_3,IR,Dark,90,Un. Pol
Unpolarized_A_IR,C4,300,550,12.0,22.0,1.70530256582424e-16,23.89151243665752,-0.105536944597354,Day_4,Experiment_3,IR,Dark,90,Un. Pol
Unpolarized_A_IR,C4,325,575,13.0,23.0,6.679101716144942e-16,23.67869028794783,-0.0853326357201508,Day_4,Experiment_3,IR,Dark,90,Un. Pol
Unpolarized_A_IR,C4,350,600,14.0,24.0,6.252776074688881e-16,22.841238360114698,-0.2260331656072459,Day_4,Experiment_3,IR,Dark,90,Un. Pol
Unpolarized_A_IR,C4,375,625,15.0,25.0,-1.9895196601282808e-16,21.28939715578035,-0.0875674123073638,Day_4,Experiment_3,IR,Dark,90,Un. Pol
Unpolarized_A_IR,C4,400,650,16.0,26.0,1.0231815394945442e-15,20.414894772764782,-0.356653757697352,Day_4,Experiment_3,IR,Dark,90,Un. Pol
Unpolarized_A_IR,C4,425,675,17.0,27.0,-1.1368683772161603e-16,18.17348903365689,-0.1380105593252843,Day_4,Experiment_3,IR,Dark,90,Un. Pol
Unpolarized_A_IR,C4,450,700,18.0,28.0,1.1368683772161603e-16,18.525008905658577,-0.1742656540238819,Day_4,Experiment_3,IR,Dark,90,Un. Pol
Unpolarized_A_IR,C4,475,725,19.0,29.0,1.4210854715202004e-16,20.007948760182924,-0.1054514425052021,Day_4,Experiment_3,IR,Dark,90,Un. Pol
Unpolarized_A_IR,C4,500,750,20.0,30.0,5.684341886080802e-17,20.421736300978445,0.013203239515427,Day_4,Experiment_3,IR,Dark,90,Un. Pol
Unpolarized_A_IR,C4,525,775,21.0,31.0,7.3896444519050485e-16,23.083364428739852,-0.0790000897063836,Day_4,Experiment_3,IR,Dark,90,Un. Pol
Unpolarized_A_IR,C4,550,800,22.0,32.0,-6.821210263296962e-16,21.965181713336623,0.1879957437734804,Day_4,Experiment_3,IR,Dark,90,Un. Pol
Unpolarized_A_IR,C4,575,825,23.0,33.0,0.0,20.938702138602213,0.0732105371078183,Day_4,Experiment_3,IR,Dark,90,Un. Pol
Unpolarized_A_IR,C4,600,850,24.0,34.0,-3.410605131648481e-16,22.10506238330348,0.1687312611836665,Day_4,Experiment_3,IR,Dark,90,Un. Pol
Unpolarized_A_IR,C4,625,875,25.0,35.0,2.842170943040401e-17,21.79293203538754,0.0989519515604369,Day_4,Experiment_3,IR,Dark,90,Un. Pol
Unpolarized_A_IR,C4,650,900,26.0,36.0,-5.400124791776761e-16,22.657963361672255,0.0072316423798206,Day_4,Experiment_3,IR,Dark,90,Un. Pol
Unpolarized_A_IR,C4,675,925,27.0,37.0,1.1368683772161603e-16,21.608131610045145,0.0917312876755106,Day_4,Experiment_3,IR,Dark,90,Un. Pol
Unpolarized_A_IR,C4,700,950,28.0,38.0,2.8421709430404013e-16,20.481200207936944,0.1180271567494805,Day_4,Experiment_3,IR,Dark,90,Un. Pol
Unpolarized_A_IR,C4,725,975,29.0,39.0,2.2737367544323206e-16,21.522162826092504,-0.0641333855077107,Day_4,Experiment_3,IR,Dark,90,Un. Pol
Unpolarized_A_IR,C4,750,1000,30.0,40.0,3.2684965844964613e-16,20.85261042076027,0.083246375689469,Day_4,Experiment_3,IR,Dark,90,Un. Pol
Unpolarized_A_IR,C4,775,1025,31.0,41.0,-3.6948222259525213e-16,22.066676659752613,-0.2499640016053786,Day_4,Experiment_3,IR,Dark,90,Un. Pol
Unpolarized_A_IR,C4,800,1050,32.0,42.0,-2.7711166694643907e-16,21.119482058753693,-0.1132184396768191,Day_4,Experiment_3,IR,Dark,90,Un. Pol
Unpolarized_A_IR,C4,825,1075,33.0,43.0,7.105427357601002e-17,22.81916748964505,-0.1143253081180002,Day_4,Experiment_3,IR,Dark,90,Un. Pol
Unpolarized_A_IR,C4,850,1100,34.0,44.0,-1.70530256582424e-16,20.48976109319782,-0.0622527654095573,Day_4,Experiment_3,IR,Dark,90,Un. Pol
Unpolarized_A_IR,C4,875,1125,35.0,45.0,-1.70530256582424e-16,21.477736304995155,-0.069048250449361,Day_4,Experiment_3,IR,Dark,90,Un. Pol
Unpolarized_A_IR,C4,900,1150,36.0,46.0,-5.115907697472721e-16,21.810836443123037,-0.1504087444586745,Day_4,Experiment_3,IR,Dark,90,Un. Pol
Unpolarized_A_IR,C4,925,1175,37.0,47.0,4.547473508864641e-16,22.15805524390707,-0.2658702783820155,Day_4,Experiment_3,IR,Dark,90,Un. Pol
Unpolarized_A_IR,C4,950,1200,38.0,48.0,2.2737367544323206e-16,22.036754879259792,0.0276076116696167,Day_4,Experiment_3,IR,Dark,90,Un. Pol
Unpolarized_A_IR,C4,975,1225,39.0,49.0,2.8421709430404013e-16,19.783631383785767,0.0442142521340026,Day_4,Experiment_3,IR,Dark,90,Un. Pol
Unpolarized_A_IR,C4,1000,1250,40.0,50.0,3.979039320256561e-16,20.35660042186357,0.2015171854642952,Day_4,Experiment_3,IR,Dark,90,Un. Pol
Unpolarized_A_IR,C4,1025,1275,41.0,51.0,1.70530256582424e-16,19.64014036395906,0.098747043587393,Day_4,Experiment_3,IR,Dark,90,Un. Pol
Unpolarized_A_IR,C4,1050,1300,42.0,52.0,3.410605131648481e-16,19.880629403567166,0.127536622398957,Day_4,Experiment_3,IR,Dark,90,Un. Pol
Unpolarized_A_IR,C4,1075,1325,43.0,53.0,7.958078640513122e-16,19.862773868294767,0.0884697217517117,Day_4,Experiment_3,IR,Dark,90,Un. Pol
Unpolarized_A_IR,C4,1100,1350,44.0,54.0,-2.5579538487363605e-16,20.173812626679837,0.1634636539765162,Day_4,Experiment_3,IR,Dark,90,Un. Pol
Unpolarized_A_IR,C4,1125,1375,45.0,55.0,3.410605131648481e-16,22.53180755751361,0.1349950575952841,Day_4,Experiment_3,IR,Dark,90,Un. Pol
Unpolarized_A_IR,C4,1150,1400,46.0,56.0,7.3896444519050485e-16,23.57562232297037,0.3011508474806461,Day_4,Experiment_3,IR,Dark,90,Un. Pol
Unpolarized_A_IR,C4,1175,1425,47.0,57.0,-1.70530256582424e-16,23.103151717209588,0.2592223097984301,Day_4,Experiment_3,IR,Dark,90,Un. Pol
Unpolarized_A_IR,C4,1200,1450,48.0,58.0,-4.092726157978177e-15,55.266647539093825,-2.3366804086092436,Day_4,Experiment_3,IR,Dark,90,Un. Pol
Unpolarized_A_IR,C4,1225,1475,49.0,59.0,-7.958078640513122e-16,69.06175813194392,-0.5407320145411288,Day_4,Experiment_3,IR,Dark,90,Un. Pol
Unpolarized_A_IR,C4,1250,1500,50.0,60.0,1.1368683772161603e-16,71.18086925997608,-0.0712066063821894,Day_4,Experiment_3,IR,Dark,90,Un. Pol
Unpolarized_B_Green,C11,0,250,0.0,10.0,5.542233338928781e-16,15.031821264875246,0.1167219144612671,Day_4,Experiment_3,IR,Dark,90,Un. Pol
Unpolarized_B_Green,C11,25,275,1.0,11.0,-2.842170943040401e-17,13.757459990406373,0.0041030845832591,Day_4,Experiment_3,IR,Dark,90,Un. Pol
Unpolarized_B_Green,C11,50,300,2.0,12.0,3.1263880373444406e-16,15.215658535825863,-0.0590242259455316,Day_4,Experiment_3,IR,Dark,90,Un. Pol
Unpolarized_B_Green,C11,75,325,3.0,13.0,-7.389644451905048e-16,14.870946609761823,-0.0273763587079927,Day_4,Experiment_3,IR,Dark,90,Un. Pol
Unpolarized_B_Green,C11,100,350,4.0,14.0,3.410605131648481e-16,15.97399872839858,0.5060098298818642,Day_4,Experiment_3,IR,Dark,90,Un. Pol
Unpolarized_B_Green,C11,125,375,5.0,15.0,-2.842170943040401e-17,13.040099429544597,0.0608729344693451,Day_4,Experiment_3,IR,Dark,90,Un. Pol
Unpolarized_B_Green,C11,150,400,6.0,16.0,5.684341886080802e-17,13.047437007090268,-0.0146027270335437,Day_4,Experiment_3,IR,Dark,90,Un. Pol
Unpolarized_B_Green,C11,175,425,7.0,17.0,-2.7000623958883806e-16,12.697045065305325,-0.0221043860437312,Day_4,Experiment_3,IR,Dark,90,Un. Pol
Unpolarized_B_Green,C11,200,450,8.0,18.0,4.547473508864641e-16,13.901225989213383,-0.0196644081003357,Day_4,Experiment_3,IR,Dark,90,Un. Pol
Unpolarized_B_Green,C11,225,475,9.0,19.0,1.70530256582424e-16,12.883396690449093,0.0374430368642417,Day_4,Experiment_3,IR,Dark,90,Un. Pol
Unpolarized_B_Green,C11,250,500,10.0,20.0,-2.842170943040401e-17,13.78713344739551,-0.0566203928308429,Day_4,Experiment_3,IR,Dark,90,Un. Pol
Unpolarized_B_Green,C11,275,525,11.0,21.0,8.5265128291212e-17,12.89026836576906,-0.0292431492121825,Day_4,Experiment_3,IR,Dark,90,Un. Pol
Unpolarized_B_Green,C11,300,550,12.0,22.0,8.2422957348171675e-16,13.613808353529402,-0.2313614041954004,Day_4,Experiment_3,IR,Dark,90,Un. Pol
Unpolarized_B_Green,C11,325,575,13.0,23.0,-5.684341886080802e-17,12.398944675957832,-0.0845943363868116,Day_4,Experiment_3,IR,Dark,90,Un. Pol
Unpolarized_B_Green,C11,350,600,14.0,24.0,2.842170943040401e-17,12.736035240916872,-0.0143617605142225,Day_4,Experiment_3,IR,Dark,90,Un. Pol
Unpolarized_B_Green,C11,375,625,15.0,25.0,2.5579538487363605e-16,12.522606842189091,0.0106667467269051,Day_4,Experiment_3,IR,Dark,90,Un. Pol
Unpolarized_B_Green,C11,400,650,16.0,26.0,4.263256414560601e-17,12.358593050018406,0.0079611458325432,Day_4,Experiment_3,IR,Dark,90,Un. Pol
Unpolarized_B_Green,C11,425,675,17.0,27.0,1.4210854715202004e-17,12.652520672928825,0.0152043794322749,Day_4,Experiment_3,IR,Dark,90,Un. Pol
Unpolarized_B_Green,C11,450,700,18.0,28.0,5.684341886080802e-17,12.83204973098856,-0.0472624443595319,Day_4,Experiment_3,IR,Dark,90,Un. Pol
Unpolarized_B_Green,C11,475,725,19.0,29.0,-2.984279490192421e-16,11.749615730987308,0.1207099724871048,Day_4,Experiment_3,IR,Dark,90,Un. Pol
Unpolarized_B_Green,C11,500,750,20.0,30.0,-1.1368683772161603e-16,11.103726334304117,0.1056228114442861,Day_4,Experiment_3,IR,Dark,90,Un. Pol
Unpolarized_B_Green,C11,525,775,21.0,31.0,8.5265128291212e-17,11.01780722575648,0.0250616359271424,Day_4,Experiment_3,IR,Dark,90,Un. Pol
Unpolarized_B_Green,C11,550,800,22.0,32.0,-2.2737367544323206e-16,12.72676389150746,0.0810554098469416,Day_4,Experiment_3,IR,Dark,90,Un. Pol
Unpolarized_B_Green,C11,575,825,23.0,33.0,-3.836930773104541e-16,12.943616742224984,0.0877146827211655,Day_4,Experiment_3,IR,Dark,90,Un. Pol
Unpolarized_B_Green,C11,600,850,24.0,34.0,1.4210854715202004e-16,13.038819633296203,0.0496245362030293,Day_4,Experiment_3,IR,Dark,90,Un. Pol
Unpolarized_B_Green,C11,625,875,25.0,35.0,-8.5265128291212e-17,12.631982916729056,0.0126275145562823,Day_4,Experiment_3,IR,Dark,90,Un. Pol
Unpolarized_B_Green,C11,650,900,26.0,36.0,-1.1368683772161603e-16,12.954523407520226,0.0137455770276017,Day_4,Experiment_3,IR,Dark,90,Un. Pol
Unpolarized_B_Green,C11,675,925,27.0,37.0,-2.2737367544323206e-16,14.977854519772835,0.2351034603998838,Day_4,Experiment_3,IR,Dark,90,Un. Pol
Unpolarized_B_Green,C11,700,950,28.0,38.0,1.9895196601282808e-16,13.18246453910012,-0.0057773554235035,Day_4,Experiment_3,IR,Dark,90,Un. Pol
Unpolarized_B_Green,C11,725,975,29.0,39.0,0.0,13.947577583892532,-0.0353143864487757,Day_4,Experiment_3,IR,Dark,90,Un. Pol
Unpolarized_B_Green,C11,750,1000,30.0,40.0,-1.70530256582424e-16,14.049830145342051,-0.1145240361427344,Day_4,Experiment_3,IR,Dark,90,Un. Pol
Unpolarized_B_Green,C11,775,1025,31.0,41.0,3.410605131648481e-16,14.294080856004957,-0.2349143968965217,Day_4,Experiment_3,IR,Dark,90,Un. Pol
Unpolarized_B_Green,C11,800,1050,32.0,42.0,-2.4158453015843413e-16,14.762456423772662,0.031035651735659,Day_4,Experiment_3,IR,Dark,90,Un. Pol
Unpolarized_B_Green,C11,825,1075,33.0,43.0,-5.684341886080802e-17,13.554085884243118,-0.0471361719477234,Day_4,Experiment_3,IR,Dark,90,Un. Pol
Unpolarized_B_Green,C11,850,1100,34.0,44.0,-2.842170943040401e-17,13.24595516740104,-0.0313222866089559,Day_4,Experiment_3,IR,Dark,90,Un. Pol
Unpolarized_B_Green,C11,875,1125,35.0,45.0,-1.70530256582424e-16,13.47236910811394,0.0326548961128738,Day_4,Experiment_3,IR,Dark,90,Un. Pol
Unpolarized_B_Green,C11,900,1150,36.0,46.0,-4.263256414560601e-17,12.71773192797512,-0.0700032031449086,Day_4,Experiment_3,IR,Dark,90,Un. Pol
Unpolarized_B_Green,C11,925,1175,37.0,47.0,2.2737367544323206e-16,12.770748705478995,-0.1333431497317786,Day_4,Experiment_3,IR,Dark,90,Un. Pol
Unpolarized_B_Green,C11,950,1200,38.0,48.0,-2.1316282072803e-16,12.5527299979977,0.0042681186084734,Day_4,Experiment_3,IR,Dark,90,Un. Pol
Unpolarized_B_Green,C11,975,1225,39.0,49.0,-1.4210854715202004e-16,13.217733109739894,0.0529677430843339,Day_4,Experiment_3,IR,Dark,90,Un. Pol
Unpolarized_B_Green,C11,1000,1250,40.0,50.0,-1.9895196601282808e-16,13.245366432813512,0.0162037424496224,Day_4,Experiment_3,IR,Dark,90,Un. Pol
Unpolarized_B_Green,C11,1025,1275,41.0,51.0,-7.389644451905048e-16,14.367434982817882,0.2887986216767452,Day_4,Experiment_3,IR,Dark,90,Un. Pol
Unpolarized_B_Green,C11,1050,1300,42.0,52.0,5.400124791776761e-16,12.795137305386884,0.0587618849160057,Day_4,Experiment_3,IR,Dark,90,Un. Pol
Unpolarized_B_Green,C11,1075,1325,43.0,53.0,1.1368683772161603e-16,12.715759045239844,0.0155229456327927,Day_4,Experiment_3,IR,Dark,90,Un. Pol
Unpolarized_B_Green,C11,1100,1350,44.0,54.0,-5.684341886080802e-17,12.687751545034525,-0.0296431502011707,Day_4,Experiment_3,IR,Dark,90,Un. Pol
Unpolarized_B_Green,C11,1125,1375,45.0,55.0,1.1368683772161603e-16,12.583221498672998,0.0024485125698603,Day_4,Experiment_3,IR,Dark,90,Un. Pol
Unpolarized_B_Green,C11,1150,1400,46.0,56.0,-5.684341886080802e-17,12.915979858828228,0.1348543108644671,Day_4,Experiment_3,IR,Dark,90,Un. Pol
Unpolarized_B_Green,C11,1175,1425,47.0,57.0,-5.684341886080802e-17,16.469990715307976,0.4901997243624979,Day_4,Experiment_3,IR,Dark,90,Un. Pol
Unpolarized_B_Green,C11,1200,1450,48.0,58.0,-1.2789769243681802e-16,16.42498387547691,0.1637929906236657,Day_4,Experiment_3,IR,Dark,90,Un. Pol
Unpolarized_B_Green,C11,1225,1475,49.0,59.0,-1.4210854715202004e-17,16.536725805349857,0.0030659753980484,Day_4,Experiment_3,IR,Dark,90,Un. Pol
Unpolarized_B_Green,C11,1250,1500,50.0,60.0,-7.389644451905048e-16,18.480661468417107,0.0876678571742197,Day_4,Experiment_3,IR,Dark,90,Un. Pol
Unpolarized_B_Red,C8,0,250,0.0,10.0,1.1368683772161605e-15,31.398663688435573,0.1876558796382013,Day_4,Experiment_3,IR,Dark,90,Un. Pol
Unpolarized_B_Red,C8,25,275,1.0,11.0,0.0,28.443695845065204,0.0668377995456129,Day_4,Experiment_3,IR,Dark,90,Un. Pol
Unpolarized_B_Red,C8,50,300,2.0,12.0,-1.2505552149377765e-15,30.19633255081259,0.0078346169255015,Day_4,Experiment_3,IR,Dark,90,Un. Pol
Unpolarized_B_Red,C8,75,325,3.0,13.0,5.684341886080809e-16,29.982755189912172,0.1013416996198949,Day_4,Experiment_3,IR,Dark,90,Un. Pol
Unpolarized_B_Red,C8,100,350,4.0,14.0,4.547473508864641e-16,31.28654761118213,0.0468007500569682,Day_4,Experiment_3,IR,Dark,90,Un. Pol
Unpolarized_B_Red,C8,125,375,5.0,15.0,-5.684341886080802e-17,28.41109806662623,0.1001239393188447,Day_4,Experiment_3,IR,Dark,90,Un. Pol
Unpolarized_B_Red,C8,150,400,6.0,16.0,-3.979039320256561e-16,29.074134274845907,0.062070137602052,Day_4,Experiment_3,IR,Dark,90,Un. Pol
Unpolarized_B_Red,C8,175,425,7.0,17.0,1.1368683772161603e-16,28.60544972901328,0.010510720387985,Day_4,Experiment_3,IR,Dark,90,Un. Pol
Unpolarized_B_Red,C8,200,450,8.0,18.0,0.0,30.76440055979568,0.1159481796393156,Day_4,Experiment_3,IR,Dark,90,Un. Pol
Unpolarized_B_Red,C8,225,475,9.0,19.0,1.1368683772161603e-16,30.131417859268925,0.0536300112332945,Day_4,Experiment_3,IR,Dark,90,Un. Pol
Unpolarized_B_Red,C8,250,500,10.0,20.0,2.2737367544323206e-16,28.329892711091837,0.009853410504247,Day_4,Experiment_3,IR,Dark,90,Un. Pol
Unpolarized_B_Red,C8,275,525,11.0,21.0,3.979039320256561e-16,28.72925010249808,-0.0777385357080913,Day_4,Experiment_3,IR,Dark,90,Un. Pol
Unpolarized_B_Red,C8,300,550,12.0,22.0,-1.5916157281026244e-15,32.25074565268984,0.0439306487470533,Day_4,Experiment_3,IR,Dark,90,Un. Pol
Unpolarized_B_Red,C8,325,575,13.0,23.0,2.5579538487363605e-16,29.047529507436497,0.0102050124090127,Day_4,Experiment_3,IR,Dark,90,Un. Pol
Unpolarized_B_Red,C8,350,600,14.0,24.0,5.684341886080809e-16,29.63504602159379,-0.0771875301723356,Day_4,Experiment_3,IR,Dark,90,Un. Pol
Unpolarized_B_Red,C8,375,625,15.0,25.0,6.252776074688881e-16,29.037712553005907,-0.0652854075539391,Day_4,Experiment_3,IR,Dark,90,Un. Pol
Unpolarized_B_Red,C8,400,650,16.0,26.0,9.094947017729285e-16,30.524045253403752,-0.0920337297008489,Day_4,Experiment_3,IR,Dark,90,Un. Pol
Unpolarized_B_Red,C8,425,675,17.0,27.0,-9.876544027065391e-16,29.30712885948552,-0.0920320829093774,Day_4,Experiment_3,IR,Dark,90,Un. Pol
Unpolarized_B_Red,C8,450,700,18.0,28.0,-1.1368683772161603e-16,29.612348954018817,-0.0458199158212782,Day_4,Experiment_3,IR,Dark,90,Un. Pol
Unpolarized_B_Red,C8,475,725,19.0,29.0,1.3073986337985845e-15,29.273229148914492,-0.0531002778514269,Day_4,Experiment_3,IR,Dark,90,Un. Pol
Unpolarized_B_Red,C8,500,750,20.0,30.0,-2.3874235921539368e-15,29.644921570739847,-0.0890194456755975,Day_4,Experiment_3,IR,Dark,90,Un. Pol
Unpolarized_B_Red,C8,525,775,21.0,31.0,4.2632564145606006e-17,29.07052953101678,-0.0631728983614574,Day_4,Experiment_3,IR,Dark,90,Un. Pol
Unpolarized_B_Red,C8,550,800,22.0,32.0,-2.2737367544323206e-16,29.53292460476458,0.0479066659156424,Day_4,Experiment_3,IR,Dark,90,Un. Pol
Unpolarized_B_Red,C8,575,825,23.0,33.0,1.0231815394945442e-15,29.844680574411605,-0.0256030513824485,Day_4,Experiment_3,IR,Dark,90,Un. Pol
Unpolarized_B_Red,C8,600,850,24.0,34.0,-1.1368683772161603e-16,28.40165979128816,-0.0176430895907143,Day_4,Experiment_3,IR,Dark,90,Un. Pol
Unpolarized_B_Red,C8,625,875,25.0,35.0,-4.547473508864641e-16,29.40643228410773,0.0019154173936447,Day_4,Experiment_3,IR,Dark,90,Un. Pol
Unpolarized_B_Red,C8,650,900,26.0,36.0,-7.958078640513122e-16,29.574470235173305,0.0289626649458988,Day_4,Experiment_3,IR,Dark,90,Un. Pol
Unpolarized_B_Red,C8,675,925,27.0,37.0,-1.5347723092418164e-15,31.404707873465995,0.038248309386309,Day_4,Experiment_3,IR,Dark,90,Un. Pol
Unpolarized_B_Red,C8,700,950,28.0,38.0,-1.70530256582424e-16,28.17372440792712,0.0075352496338628,Day_4,Experiment_3,IR,Dark,90,Un. Pol
Unpolarized_B_Red,C8,725,975,29.0,39.0,1.3073986337985845e-15,29.688047017126795,-0.0171617558427159,Day_4,Experiment_3,IR,Dark,90,Un. Pol
Unpolarized_B_Red,C8,750,1000,30.0,40.0,-3.979039320256561e-16,27.636522107354622,-0.0171197513171517,Day_4,Experiment_3,IR,Dark,90,Un. Pol
Unpolarized_B_Red,C8,775,1025,31.0,41.0,1.932676241267473e-15,31.438860653049257,0.0195590934592401,Day_4,Experiment_3,IR,Dark,90,Un. Pol
Unpolarized_B_Red,C8,800,1050,32.0,42.0,7.3896444519050485e-16,29.155190090827713,-0.0277356780825243,Day_4,Experiment_3,IR,Dark,90,Un. Pol
Unpolarized_B_Red,C8,825,1075,33.0,43.0,6.821210263296962e-16,29.224564192432176,-0.093470374370039,Day_4,Experiment_3,IR,Dark,90,Un. Pol
Unpolarized_B_Red,C8,850,1100,34.0,44.0,-5.400124791776761e-16,27.24655041874091,-0.1203017984983435,Day_4,Experiment_3,IR,Dark,90,Un. Pol
Unpolarized_B_Red,C8,875,1125,35.0,45.0,4.547473508864641e-16,29.81612251848702,-0.0576129111775429,Day_4,Experiment_3,IR,Dark,90,Un. Pol
Unpolarized_B_Red,C8,900,1150,36.0,46.0,1.0800249583553525e-15,29.071956086055746,-0.091041275583835,Day_4,Experiment_3,IR,Dark,90,Un. Pol
Unpolarized_B_Red,C8,925,1175,37.0,47.0,0.0,28.582015876665036,-0.0449347024924821,Day_4,Experiment_3,IR,Dark,90,Un. Pol
Unpolarized_B_Red,C8,950,1200,38.0,48.0,-3.1263880373444406e-16,29.228192492591617,-0.0477963486195388,Day_4,Experiment_3,IR,Dark,90,Un. Pol
Unpolarized_B_Red,C8,975,1225,39.0,49.0,-5.684341886080809e-16,28.665158830111658,-0.020366214413748,Day_4,Experiment_3,IR,Dark,90,Un. Pol
Unpolarized_B_Red,C8,1000,1250,40.0,50.0,-8.526512829121202e-16,28.200712241726713,-0.0297374808063545,Day_4,Experiment_3,IR,Dark,90,Un. Pol
Unpolarized_B_Red,C8,1025,1275,41.0,51.0,6.821210263296962e-16,29.41933305177093,0.0745755407540321,Day_4,Experiment_3,IR,Dark,90,Un. Pol
Unpolarized_B_Red,C8,1050,1300,42.0,52.0,4.547473508864641e-16,29.59012939124176,0.0591810906381553,Day_4,Experiment_3,IR,Dark,90,Un. Pol
Unpolarized_B_Red,C8,1075,1325,43.0,53.0,-1.70530256582424e-16,28.14881438368886,-0.0167636079816264,Day_4,Experiment_3,IR,Dark,90,Un. Pol
Unpolarized_B_Red,C8,1100,1350,44.0,54.0,-3.979039320256561e-16,29.18380183843745,-0.0201985880031021,Day_4,Experiment_3,IR,Dark,90,Un. Pol
Unpolarized_B_Red,C8,1125,1375,45.0,55.0,-9.094947017729285e-16,29.026580776871864,0.0277623245929071,Day_4,Experiment_3,IR,Dark,90,Un. Pol
Unpolarized_B_Red,C8,1150,1400,46.0,56.0,6.821210263296962e-16,29.901502841852995,0.0355830907250568,Day_4,Experiment_3,IR,Dark,90,Un. Pol
Unpolarized_B_Red,C8,1175,1425,47.0,57.0,-1.1368683772161603e-16,27.14995311842257,0.0132376905553993,Day_4,Experiment_3,IR,Dark,90,Un. Pol
Unpolarized_B_Red,C8,1200,1450,48.0,58.0,1.932676241267473e-15,28.97486065818655,-0.0912794222894701,Day_4,Experiment_3,IR,Dark,90,Un. Pol
Unpolarized_B_Red,C8,1225,1475,49.0,59.0,-3.979039320256561e-16,27.569792774956113,-0.0298297339053306,Day_4,Experiment_3,IR,Dark,90,Un. Pol
Unpolarized_B_Red,C8,1250,1500,50.0,60.0,-1.5916157281026244e-15,30.40880466325449,0.0214530724631909,Day_4,Experiment_3,IR,Dark,90,Un. Pol
Unpolarized_B_IR,C10,0,250,0.0,10.0,4.547473508864641e-16,40.45784196810834,-0.0111852414166849,Day_4,Experiment_3,IR,Dark,90,Un. Pol
Unpolarized_B_IR,C10,25,275,1.0,11.0,-3.268496584496461e-16,38.86011242711652,-0.0628416114838202,Day_4,Experiment_3,IR,Dark,90,Un. Pol
Unpolarized_B_IR,C10,50,300,2.0,12.0,-2.216893335571513e-15,40.080673266921416,-0.1059115561195282,Day_4,Experiment_3,IR,Dark,90,Un. Pol
Unpolarized_B_IR,C10,75,325,3.0,13.0,1.1368683772161603e-16,39.87183451703215,-0.0405398625012622,Day_4,Experiment_3,IR,Dark,90,Un. Pol
Unpolarized_B_IR,C10,100,350,4.0,14.0,1.8189894035458565e-15,42.182846393837345,0.0430547704430456,Day_4,Experiment_3,IR,Dark,90,Un. Pol
Unpolarized_B_IR,C10,125,375,5.0,15.0,-4.547473508864641e-16,39.79788062574615,-0.0666131686380499,Day_4,Experiment_3,IR,Dark,90,Un. Pol
Unpolarized_B_IR,C10,150,400,6.0,16.0,2.2737367544323206e-16,42.05309262857198,-0.153576294546566,Day_4,Experiment_3,IR,Dark,90,Un. Pol
Unpolarized_B_IR,C10,175,425,7.0,17.0,-4.547473508864641e-16,36.644541526980696,-0.0261163061325859,Day_4,Experiment_3,IR,Dark,90,Un. Pol
Unpolarized_B_IR,C10,200,450,8.0,18.0,1.1368683772161603e-16,40.618805527948574,-0.0199047196970379,Day_4,Experiment_3,IR,Dark,90,Un. Pol
Unpolarized_B_IR,C10,225,475,9.0,19.0,-1.1368683772161603e-16,36.5921498152598,-0.0142363378229506,Day_4,Experiment_3,IR,Dark,90,Un. Pol
Unpolarized_B_IR,C10,250,500,10.0,20.0,-1.5916157281026244e-15,36.80076094546656,0.0395870846339654,Day_4,Experiment_3,IR,Dark,90,Un. Pol
Unpolarized_B_IR,C10,275,525,11.0,21.0,4.831690603168688e-16,35.969894852374495,-0.0685524175416895,Day_4,Experiment_3,IR,Dark,90,Un. Pol
Unpolarized_B_IR,C10,300,550,12.0,22.0,3.410605131648481e-16,38.6324523568179,0.0742719094985122,Day_4,Experiment_3,IR,Dark,90,Un. Pol
Unpolarized_B_IR,C10,325,575,13.0,23.0,1.70530256582424e-16,35.710112510874794,0.006050172306322,Day_4,Experiment_3,IR,Dark,90,Un. Pol
Unpolarized_B_IR,C10,350,600,14.0,24.0,0.0,37.0582940756658,-0.0118240828710414,Day_4,Experiment_3,IR,Dark,90,Un. Pol
Unpolarized_B_IR,C10,375,625,15.0,25.0,1.2789769243681802e-16,35.72746302017776,-0.0252249743544177,Day_4,Experiment_3,IR,Dark,90,Un. Pol
Unpolarized_B_IR,C10,400,650,16.0,26.0,-1.1368683772161603e-16,36.27646500353904,-0.0410978908618684,Day_4,Experiment_3,IR,Dark,90,Un. Pol
Unpolarized_B_IR,C10,425,675,17.0,27.0,-1.0516032489249482e-15,35.8788541830048,-0.0588822286852892,Day_4,Experiment_3,IR,Dark,90,Un. Pol
Unpolarized_B_IR,C10,450,700,18.0,28.0,1.1368683772161603e-16,35.4947427756852,-0.0208367056207126,Day_4,Experiment_3,IR,Dark,90,Un. Pol
Unpolarized_B_IR,C10,475,725,19.0,29.0,2.1032064978498964e-15,35.64254526129738,-0.0388964938599823,Day_4,Experiment_3,IR,Dark,90,Un. Pol
Unpolarized_B_IR,C10,500,750,20.0,30.0,-1.0231815394945442e-15,35.312617928700234,-0.031917504527451,Day_4,Experiment_3,IR,Dark,90,Un. Pol
Unpolarized_B_IR,C10,525,775,21.0,31.0,1.1368683772161603e-16,36.98081281427309,-0.0733272474023779,Day_4,Experiment_3,IR,Dark,90,Un. Pol
Unpolarized_B_IR,C10,550,800,22.0,32.0,-9.094947017729285e-16,36.07465409326821,0.0224864810461394,Day_4,Experiment_3,IR,Dark,90,Un. Pol
Unpolarized_B_IR,C10,575,825,23.0,33.0,-5.684341886080808e-16,37.11655789705722,-0.0117288143403252,Day_4,Experiment_3,IR,Dark,90,Un. Pol
Unpolarized_B_IR,C10,600,850,24.0,34.0,9.094947017729285e-16,34.867307665724034,0.0119768728533422,Day_4,Experiment_3,IR,Dark,90,Un. Pol
Unpolarized_B_IR,C10,625,875,25.0,35.0,1.1368683772161603e-16,34.6397428966489,-0.031285379525591,Day_4,Experiment_3,IR,Dark,90,Un. Pol
Unpolarized_B_IR,C10,650,900,26.0,36.0,-1.3642420526593924e-15,35.01119276390292,-0.0320558461183047,Day_4,Experiment_3,IR,Dark,90,Un. Pol
Unpolarized_B_IR,C10,675,925,27.0,37.0,0.0,36.02414701966354,0.047209257146738,Day_4,Experiment_3,IR,Dark,90,Un. Pol
Unpolarized_B_IR,C10,700,950,28.0,38.0,0.0,33.24617717508666,0.0441644868741706,Day_4,Experiment_3,IR,Dark,90,Un. Pol
Unpolarized_B_IR,C10,725,975,29.0,39.0,0.0,35.36159632787994,-0.0639388352346533,Day_4,Experiment_3,IR,Dark,90,Un. Pol
Unpolarized_B_IR,C10,750,1000,30.0,40.0,6.821210263296962e-16,34.10461612645186,-0.0429992042180279,Day_4,Experiment_3,IR,Dark,90,Un. Pol
Unpolarized_B_IR,C10,775,1025,31.0,41.0,-1.0231815394945442e-15,37.92893209167219,-0.106460459032459,Day_4,Experiment_3,IR,Dark,90,Un. Pol
Unpolarized_B_IR,C10,800,1050,32.0,42.0,5.684341886080802e-17,35.124843375604655,-0.0111810611132997,Day_4,Experiment_3,IR,Dark,90,Un. Pol
Unpolarized_B_IR,C10,825,1075,33.0,43.0,-1.3642420526593924e-15,35.96161201956268,-0.0733573127901467,Day_4,Experiment_3,IR,Dark,90,Un. Pol
Unpolarized_B_IR,C10,850,1100,34.0,44.0,5.684341886080802e-17,33.96957380566431,-0.0612287126170517,Day_4,Experiment_3,IR,Dark,90,Un. Pol
Unpolarized_B_IR,C10,875,1125,35.0,45.0,5.684341886080808e-16,36.98705462665219,-0.0721240436929215,Day_4,Experiment_3,IR,Dark,90,Un. Pol
Unpolarized_B_IR,C10,900,1150,36.0,46.0,1.5063505998114125e-15,36.077538303894656,-0.0716046296300893,Day_4,Experiment_3,IR,Dark,90,Un. Pol
Unpolarized_B_IR,C10,925,1175,37.0,47.0,-2.2737367544323206e-16,36.49173203013299,-0.0269770615716478,Day_4,Experiment_3,IR,Dark,90,Un. Pol
Unpolarized_B_IR,C10,950,1200,38.0,48.0,-8.810729923425242e-16,36.52767246756169,-0.0282454964450348,Day_4,Experiment_3,IR,Dark,90,Un. Pol
Unpolarized_B_IR,C10,975,1225,39.0,49.0,1.2505552149377765e-15,35.12429812996828,-0.0171697391542632,Day_4,Experiment_3,IR,Dark,90,Un. Pol
Unpolarized_B_IR,C10,1000,1250,40.0,50.0,-2.2737367544323206e-16,34.63890177557987,-0.0148876683294483,Day_4,Experiment_3,IR,Dark,90,Un. Pol
Unpolarized_B_IR,C10,1025,1275,41.0,51.0,-1.1368683772161605e-15,35.69727987926988,0.0054696969235873,Day_4,Experiment_3,IR,Dark,90,Un. Pol
Unpolarized_B_IR,C10,1050,1300,42.0,52.0,-2.842170943040401e-16,36.221588978180634,0.0055299495519991,Day_4,Experiment_3,IR,Dark,90,Un. Pol
Unpolarized_B_IR,C10,1075,1325,43.0,53.0,0.0,34.46278199401798,-0.0134372377941841,Day_4,Experiment_3,IR,Dark,90,Un. Pol
Unpolarized_B_IR,C10,1100,1350,44.0,54.0,1.0231815394945442e-15,35.12502118161727,-0.0323798829729311,Day_4,Experiment_3,IR,Dark,90,Un. Pol
Unpolarized_B_IR,C10,1125,1375,45.0,55.0,-6.821210263296962e-16,35.157700793822656,-0.0221988422270878,Day_4,Experiment_3,IR,Dark,90,Un. Pol
Unpolarized_B_IR,C10,1150,1400,46.0,56.0,9.094947017729285e-16,37.78931935392765,-0.0063628356523718,Day_4,Experiment_3,IR,Dark,90,Un. Pol
Unpolarized_B_IR,C10,1175,1425,47.0,57.0,1.1937117960769684e-15,35.06722837135835,0.0558124227054459,Day_4,Experiment_3,IR,Dark,90,Un. Pol
Unpolarized_B_IR,C10,1200,1450,48.0,58.0,4.547473508864641e-16,36.903103747361854,-0.1607364698665915,Day_4,Experiment_3,IR,Dark,90,Un. Pol
Unpolarized_B_IR,C10,1225,1475,49.0,59.0,-4.547473508864641e-16,36.13999764948572,-0.0883694822313773,Day_4,Experiment_3,IR,Dark,90,Un. Pol
Unpolarized_B_IR,C10,1250,1500,50.0,60.0,-1.1368683772161603e-16,39.61694141345708,-0.0520247711901201,Day_4,Experiment_3,IR,Dark,90,Un. Pol
Co-Polarized_Green,C13,0,250,0.0,10.0,7.958078640513122e-16,28.59395837357791,-0.0375708320291218,Day_4,Experiment_3,IR,Dark,90,Un. Pol
Co-Polarized_Green,C13,25,275,1.0,11.0,-5.400124791776761e-16,28.166748299763597,-0.0664637449004859,Day_4,Experiment_3,IR,Dark,90,Un. Pol
Co-Polarized_Green,C13,50,300,2.0,12.0,-9.094947017729285e-16,129.50114202014186,2.0120809057987947,Day_4,Experiment_3,IR,Dark,90,Un. Pol
Co-Polarized_Green,C13,75,325,3.0,13.0,1.1368683772161605e-15,136.26120201889526,0.5939768584338159,Day_4,Experiment_3,IR,Dark,90,Un. Pol
Co-Polarized_Green,C13,100,350,4.0,14.0,1.5347723092418164e-15,138.70791497651908,0.6187977574232564,Day_4,Experiment_3,IR,Dark,90,Un. Pol
Co-Polarized_Green,C13,125,375,5.0,15.0,4.547473508864641e-16,139.53685075787777,0.7507000376787049,Day_4,Experiment_3,IR,Dark,90,Un. Pol
Co-Polarized_Green,C13,150,400,6.0,16.0,-1.1368683772161605e-15,139.26879340827432,0.7695993827790579,Day_4,Experiment_3,IR,Dark,90,Un. Pol
Co-Polarized_Green,C13,175,425,7.0,17.0,-1.8189894035458565e-15,139.4963206244971,0.7199816955161105,Day_4,Experiment_3,IR,Dark,90,Un. Pol
Co-Polarized_Green,C13,200,450,8.0,18.0,-6.821210263296962e-16,139.31955919263947,0.7820966157248019,Day_4,Experiment_3,IR,Dark,90,Un. Pol
Co-Polarized_Green,C13,225,475,9.0,19.0,1.8189894035458565e-15,138.2913391550527,0.7858828007935397,Day_4,Experiment_3,IR,Dark,90,Un. Pol
Co-Polarized_Green,C13,250,500,10.0,20.0,-2.2737367544323206e-16,138.64601137894985,0.7076193343449763,Day_4,Experiment_3,IR,Dark,90,Un. Pol
Co-Polarized_Green,C13,275,525,11.0,21.0,9.094947017729285e-16,144.23216365457756,0.681656541774608,Day_4,Experiment_3,IR,Dark,90,Un. Pol
Co-Polarized_Green,C13,300,550,12.0,22.0,6.821210263296962e-16,27.01513071116856,-0.2503679751726573,Day_4,Experiment_3,IR,Dark,90,Un. Pol
Co-Polarized_Green,C13,325,575,13.0,23.0,-5.115907697472721e-16,25.879651232068188,-0.0331238531488106,Day_4,Experiment_3,IR,Dark,90,Un. Pol
Co-Polarized_Green,C13,350,600,14.0,24.0,5.684341886080802e-17,23.20063349975897,0.0083564247399526,Day_4,Experiment_3,IR,Dark,90,Un. Pol
Co-Polarized_Green,C13,375,625,15.0,25.0,-5.684341886080802e-17,21.56574881088004,0.0900709867595923,Day_4,Experiment_3,IR,Dark,90,Un. Pol
Co-Polarized_Green,C13,400,650,16.0,26.0,3.6948222259525213e-16,24.16611659635387,-0.1159331663956052,Day_4,Experiment_3,IR,Dark,90,Un. Pol
Co-Polarized_Green,C13,425,675,17.0,27.0,-1.1368683772161603e-16,23.826174238534772,-0.067249935369335,Day_4,Experiment_3,IR,Dark,90,Un. Pol
Co-Polarized_Green,C13,450,700,18.0,28.0,-3.1263880373444406e-16,23.66720262101798,-0.1674217155652892,Day_4,Experiment_3,IR,Dark,90,Un. Pol
Co-Polarized_Green,C13,475,725,19.0,29.0,2.2737367544323206e-16,23.202719336816852,-0.1300810468785378,Day_4,Experiment_3,IR,Dark,90,Un. Pol
Co-Polarized_Green,C13,500,750,20.0,30.0,-1.1368683772161603e-16,20.74985565215561,-0.2853569642447628,Day_4,Experiment_3,IR,Dark,90,Un. Pol
Co-Polarized_Green,C13,525,775,21.0,31.0,-1.3500311979441903e-16,22.424929731257,-0.3712745813972238,Day_4,Experiment_3,IR,Dark,90,Un. Pol
Co-Polarized_Green,C13,550,800,22.0,32.0,3.410605131648481e-16,22.158648031451584,0.0505110641526614,Day_4,Experiment_3,IR,Dark,90,Un. Pol
Co-Polarized_Green,C13,575,825,23.0,33.0,2.8421709430404013e-16,22.552491449185347,0.1318375516420043,Day_4,Experiment_3,IR,Dark,90,Un. Pol
Co-Polarized_Green,C13,600,850,24.0,34.0,-5.684341886080802e-17,23.88030864357315,0.172805986726596,Day_4,Experiment_3,IR,Dark,90,Un. Pol
Co-Polarized_Green,C13,625,875,25.0,35.0,-5.684341886080807e-16,23.65249824227796,0.3208622823515848,Day_4,Experiment_3,IR,Dark,90,Un. Pol
Co-Polarized_Green,C13,650,900,26.0,36.0,-5.115907697472721e-16,24.66701296383036,0.0861946046754315,Day_4,Experiment_3,IR,Dark,90,Un. Pol
Co-Polarized_Green,C13,675,925,27.0,37.0,4.547473508864641e-16,26.078098650421353,0.1190322178037485,Day_4,Experiment_3,IR,Dark,90,Un. Pol
Co-Polarized_Green,C13,700,950,28.0,38.0,-5.115907697472721e-16,26.975133078367413,0.0436159639976748,Day_4,Experiment_3,IR,Dark,90,Un. Pol
Co-Polarized_Green,C13,725,975,29.0,39.0,-5.115907697472721e-16,29.984557318767287,-0.0604839386290884,Day_4,Experiment_3,IR,Dark,90,Un. Pol
Co-Polarized_Green,C13,750,1000,30.0,40.0,0.0,30.86503259756059,-0.1118058386223054,Day_4,Experiment_3,IR,Dark,90,Un. Pol
Co-Polarized_Green,C13,775,1025,31.0,41.0,-1.1368683772161603e-16,31.50746389820008,0.0104460413147938,Day_4,Experiment_3,IR,Dark,90,Un. Pol
Co-Polarized_Green,C13,800,1050,32.0,42.0,8.526512829121202e-16,30.09983449143499,-0.2896729219045701,Day_4,Experiment_3,IR,Dark,90,Un. Pol
Co-Polarized_Green,C13,825,1075,33.0,43.0,3.1263880373444406e-16,30.391279631729695,-0.3533207268578091,Day_4,Experiment_3,IR,Dark,90,Un. Pol
Co-Polarized_Green,C13,850,1100,34.0,44.0,-7.958078640513122e-16,29.02697528773647,-0.2969823699272387,Day_4,Experiment_3,IR,Dark,90,Un. Pol
Co-Polarized_Green,C13,875,1125,35.0,45.0,0.0,30.691271897325237,-0.3682342712628904,Day_4,Experiment_3,IR,Dark,90,Un. Pol
Co-Polarized_Green,C13,900,1150,36.0,46.0,-1.0231815394945442e-15,28.8465971094436,-0.2785542303923518,Day_4,Experiment_3,IR,Dark,90,Un. Pol
Co-Polarized_Green,C13,925,1175,37.0,47.0,5.115907697472721e-16,28.758597073433123,-0.2375433482343459,Day_4,Experiment_3,IR,Dark,90,Un. Pol
Co-Polarized_Green,C13,950,1200,38.0,48.0,-6.821210263296962e-16,28.290832689319764,-0.109202469543736,Day_4,Experiment_3,IR,Dark,90,Un. Pol
Co-Polarized_Green,C13,975,1225,39.0,49.0,3.979039320256561e-16,25.00230900746112,0.0073296813014457,Day_4,Experiment_3,IR,Dark,90,Un. Pol
Co-Polarized_Green,C13,1000,1250,40.0,50.0,4.831690603168687e-16,24.070029756943818,-0.0040693692983355,Day_4,Experiment_3,IR,Dark,90,Un. Pol
Co-Polarized_Green,C13,1025,1275,41.0,51.0,1.1368683772161603e-16,25.702323827191464,-0.0904433141143155,Day_4,Experiment_3,IR,Dark,90,Un. Pol
Co-Polarized_Green,C13,1050,1300,42.0,52.0,-1.7763568394002506e-16,23.98176066117595,0.1035168145851172,Day_4,Experiment_3,IR,Dark,90,Un. Pol
Co-Polarized_Green,C13,1075,1325,43.0,53.0,-4.547473508864641e-16,23.113244791370057,0.1808519606011438,Day_4,Experiment_3,IR,Dark,90,Un. Pol
Co-Polarized_Green,C13,1100,1350,44.0,54.0,2.5579538487363605e-16,23.89050307809926,0.1950503325941074,Day_4,Experiment_3,IR,Dark,90,Un. Pol
Co-Polarized_Green,C13,1125,1375,45.0,55.0,5.542233338928781e-16,25.21990403651225,0.2262981263379677,Day_4,Experiment_3,IR,Dark,90,Un. Pol
Co-Polarized_Green,C13,1150,1400,46.0,56.0,4.547473508864641e-16,24.45150259054251,0.1688761670108165,Day_4,Experiment_3,IR,Dark,90,Un. Pol
Co-Polarized_Green,C13,1175,1425,47.0,57.0,-6.252776074688881e-16,25.510978495449187,0.2242205818958491,Day_4,Experiment_3,IR,Dark,90,Un. Pol
Co-Polarized_Green,C13,1200,1450,48.0,58.0,4.547473508864641e-16,26.01243901461802,0.2240926942051403,Day_4,Experiment_3,IR,Dark,90,Un. Pol
Co-Polarized_Green,C13,1225,1475,49.0,59.0,-9.094947017729285e-16,26.14213197452712,0.3067193974836766,Day_4,Experiment_3,IR,Dark,90,Un. Pol
Co-Polarized_Green,C13,1250,1500,50.0,60.0,5.115907697472721e-16,24.98759198150718,0.4231857961903713,Day_4,Experiment_3,IR,Dark,90,Un. Pol
Co-Polarized_Red,C12,0,250,0.0,10.0,-4.831690603168686e-16,23.411023042325045,-0.0107499633362966,Day_4,Experiment_3,IR,Dark,90,Un. Pol
Co-Polarized_Red,C12,25,275,1.0,11.0,-1.70530256582424e-16,22.19014169288909,0.1425439575942365,Day_4,Experiment_3,IR,Dark,90,Un. Pol
Co-Polarized_Red,C12,50,300,2.0,12.0,1.1368683772161603e-16,24.0647415184785,-0.0154054949651084,Day_4,Experiment_3,IR,Dark,90,Un. Pol
Co-Polarized_Red,C12,75,325,3.0,13.0,-4.263256414560601e-17,24.05258818014364,0.3090621552582159,Day_4,Experiment_3,IR,Dark,90,Un. Pol
Co-Polarized_Red,C12,100,350,4.0,14.0,0.0,174.50729641483076,2.252491357877335,Day_4,Experiment_3,IR,Dark,90,Un. Pol
Co-Polarized_Red,C12,125,375,5.0,15.0,-2.216893335571513e-15,148.02141371905466,0.6228252591567559,Day_4,Experiment_3,IR,Dark,90,Un. Pol
Co-Polarized_Red,C12,150,400,6.0,16.0,1.7053025658242404e-15,147.3905394940886,0.1549987591998665,Day_4,Experiment_3,IR,Dark,90,Un. Pol
Co-Polarized_Red,C12,175,425,7.0,17.0,1.70530256582424e-16,147.353445693794,0.117290534392141,Day_4,Experiment_3,IR,Dark,90,Un. Pol
Co-Polarized_Red,C12,200,450,8.0,18.0,-1.8189894035458565e-15,148.58186802424885,0.1083404806365368,Day_4,Experiment_3,IR,Dark,90,Un. Pol
Co-Polarized_Red,C12,225,475,9.0,19.0,-9.094947017729285e-16,148.1965494105935,0.1270094671344528,Day_4,Experiment_3,IR,Dark,90,Un. Pol
Co-Polarized_Red,C12,250,500,10.0,20.0,8.242295734817167e-16,148.64061747014586,0.1114031907764787,Day_4,Experiment_3,IR,Dark,90,Un. Pol
Co-Polarized_Red,C12,275,525,11.0,21.0,-2.842170943040401e-16,149.75411104650317,0.0554094029523534,Day_4,Experiment_3,IR,Dark,90,Un. Pol
Co-Polarized_Red,C12,300,550,12.0,22.0,-2.842170943040401e-17,149.2538687896501,0.105795196770196,Day_4,Experiment_3,IR,Dark,90,Un. Pol
Co-Polarized_Red,C12,325,575,13.0,23.0,3.979039320256561e-16,147.48307842701604,0.0584488531119438,Day_4,Experiment_3,IR,Dark,90,Un. Pol
Co-Polarized_Red,C12,350,600,14.0,24.0,3.4106051316484808e-15,80.41094743486119,1.1214766771063869,Day_4,Experiment_3,IR,Dark,90,Un. Pol
Co-Polarized_Red,C12,375,625,15.0,25.0,-5.684341886080806e-16,34.53331429861107,-0.0242898794453025,Day_4,Experiment_3,IR,Dark,90,Un. Pol
Co-Polarized_Red,C12,400,650,16.0,26.0,5.684341886080806e-16,34.24021307333177,-0.0327506147977418,Day_4,Experiment_3,IR,Dark,90,Un. Pol
Co-Polarized_Red,C12,425,675,17.0,27.0,-4.547473508864641e-16,38.02565123062766,0.5462632757994605,Day_4,Experiment_3,IR,Dark,90,Un. Pol
Co-Polarized_Red,C12,450,700,18.0,28.0,-1.1368683772161605e-15,34.12653757257615,-0.1560541109693176,Day_4,Experiment_3,IR,Dark,90,Un. Pol
Co-Polarized_Red,C12,475,725,19.0,29.0,3.410605131648481e-16,32.351176501932905,-0.3884926510219447,Day_4,Experiment_3,IR,Dark,90,Un. Pol
Co-Polarized_Red,C12,500,750,20.0,30.0,-1.0231815394945442e-15,26.32582478495893,0.1131730175185374,Day_4,Experiment_3,IR,Dark,90,Un. Pol
Co-Polarized_Red,C12,525,775,21.0,31.0,-3.410605131648481e-16,24.38037304556821,0.1218566486465425,Day_4,Experiment_3,IR,Dark,90,Un. Pol
Co-Polarized_Red,C12,550,800,22.0,32.0,4.547473508864641e-16,26.47324202459335,-0.0297683503015023,Day_4,Experiment_3,IR,Dark,90,Un. Pol
Co-Polarized_Red,C12,575,825,23.0,33.0,6.821210263296962e-16,28.2419104603812,-0.1507671585925837,Day_4,Experiment_3,IR,Dark,90,Un. Pol
Co-Polarized_Red,C12,600,850,24.0,34.0,-1.9895196601282808e-16,26.21371909590394,-0.0125195795174012,Day_4,Experiment_3,IR,Dark,90,Un. Pol
Co-Polarized_Red,C12,625,875,25.0,35.0,-1.4210854715202005e-15,26.055892509195125,-0.0491640643668138,Day_4,Experiment_3,IR,Dark,90,Un. Pol
Co-Polarized_Red,C12,650,900,26.0,36.0,2.2737367544323206e-16,28.02712564711052,-0.277113434734647,Day_4,Experiment_3,IR,Dark,90,Un. Pol
Co-Polarized_Red,C12,675,925,27.0,37.0,9.094947017729285e-16,27.6418990882609,-0.0547745452201007,Day_4,Experiment_3,IR,Dark,90,Un. Pol
Co-Polarized_Red,C12,700,950,28.0,38.0,-2.2737367544323206e-16,27.466041506573102,-0.0361274778700446,Day_4,Experiment_3,IR,Dark,90,Un. Pol
Co-Polarized_Red,C12,725,975,29.0,39.0,2.7000623958883806e-16,29.947422158521483,-0.0652266373649177,Day_4,Experiment_3,IR,Dark,90,Un. Pol
Co-Polarized_Red,C12,750,1000,30.0,40.0,-9.947598300641404e-16,29.75401890171753,-0.0333480050641421,Day_4,Experiment_3,IR,Dark,90,Un. Pol
Co-Polarized_Red,C12,775,1025,31.0,41.0,0.0,32.00200791810312,-0.1637487550026787,Day_4,Experiment_3,IR,Dark,90,Un. Pol
Co-Polarized_Red,C12,800,1050,32.0,42.0,-1.70530256582424e-16,28.153512757280662,-0.1489718329501706,Day_4,Experiment_3,IR,Dark,90,Un. Pol
Co-Polarized_Red,C12,825,1075,33.0,43.0,1.1368683772161603e-16,25.743009155519943,-0.1017037970936483,Day_4,Experiment_3,IR,Dark,90,Un. Pol
Co-Polarized_Red,C12,850,1100,34.0,44.0,-1.4210854715202004e-16,25.616032316095104,0.0332430686382167,Day_4,Experiment_3,IR,Dark,90,Un. Pol
Co-Polarized_Red,C12,875,1125,35.0,45.0,-1.9895196601282808e-16,24.248115169588697,-0.0646313607638355,Day_4,Experiment_3,IR,Dark,90,Un. Pol
Co-Polarized_Red,C12,900,1150,36.0,46.0,2.2737367544323206e-16,22.11463179701298,-0.2484483806365268,Day_4,Experiment_3,IR,Dark,90,Un. Pol
Co-Polarized_Red,C12,925,1175,37.0,47.0,-2.842170943040401e-16,23.151233449388723,-0.292869883617906,Day_4,Experiment_3,IR,Dark,90,Un. Pol
Co-Polarized_Red,C12,950,1200,38.0,48.0,-3.979039320256561e-16,22.194734858220947,-0.0379510265348779,Day_4,Experiment_3,IR,Dark,90,Un. Pol
Co-Polarized_Red,C12,975,1225,39.0,49.0,5.471179065352771e-16,26.110809219170086,-0.3165824643623082,Day_4,Experiment_3,IR,Dark,90,Un. Pol
Co-Polarized_Red,C12,1000,1250,40.0,50.0,-1.70530256582424e-16,26.48716658938598,-0.2981568021812595,Day_4,Experiment_3,IR,Dark,90,Un. Pol
Co-Polarized_Red,C12,1025,1275,41.0,51.0,4.547473508864641e-16,26.012119762720655,-0.3193128425303134,Day_4,Experiment_3,IR,Dark,90,Un. Pol
Co-Polarized_Red,C12,1050,1300,42.0,52.0,-1.1368683772161603e-16,25.501561119296465,-0.2370187010849604,Day_4,Experiment_3,IR,Dark,90,Un. Pol
Co-Polarized_Red,C12,1075,1325,43.0,53.0,1.1368683772161603e-16,27.232695576094333,0.0299840111497077,Day_4,Experiment_3,IR,Dark,90,Un. Pol
Co-Polarized_Red,C12,1100,1350,44.0,54.0,-1.8189894035458565e-15,29.937491168657385,-0.0363401917811557,Day_4,Experiment_3,IR,Dark,90,Un. Pol
Co-Polarized_Red,C12,1125,1375,45.0,55.0,-7.815970093361102e-17,31.11622647104013,0.0501273537042226,Day_4,Experiment_3,IR,Dark,90,Un. Pol
Co-Polarized_Red,C12,1150,1400,46.0,56.0,-6.821210263296962e-16,33.86976868599529,0.0593442029671594,Day_4,Experiment_3,IR,Dark,90,Un. Pol
Co-Polarized_Red,C12,1175,1425,47.0,57.0,-2.2737367544323206e-16,35.04361150372466,0.0232997460361231,Day_4,Experiment_3,IR,Dark,90,Un. Pol
Co-Polarized_Red,C12,1200,1450,48.0,58.0,3.6948222259525213e-16,33.24694076033881,0.2068840287870677,Day_4,Experiment_3,IR,Dark,90,Un. Pol
Co-Polarized_Red,C12,1225,1475,49.0,59.0,-5.684341886080806e-16,30.50230495310859,0.3251771000292503,Day_4,Experiment_3,IR,Dark,90,Un. Pol
Co-Polarized_Red,C12,1250,1500,50.0,60.0,-5.684341886080802e-17,33.559572905428965,0.1822308122849885,Day_4,Experiment_3,IR,Dark,90,Un. Pol
Co-Polarized_IR,C15,0,250,0.0,10.0,-1.5916157281026244e-15,127.42357148405056,-0.4049328342270148,Day_4,Experiment_3,IR,Dark,90,Un. Pol
Co-Polarized_IR,C15,25,275,1.0,11.0,-3.410605131648481e-16,126.27331642690471,-0.5191040428547423,Day_4,Experiment_3,IR,Dark,90,Un. Pol
Co-Polarized_IR,C15,50,300,2.0,12.0,1.3073986337985845e-15,126.47692121945518,-0.5468393354814556,Day_4,Experiment_3,IR,Dark,90,Un. Pol
Co-Polarized_IR,C15,75,325,3.0,13.0,9.094947017729285e-16,130.5431199293383,-0.5661909006282544,Day_4,Experiment_3,IR,Dark,90,Un. Pol
Co-Polarized_IR,C15,100,350,4.0,14.0,-4.320099833421409e-15,130.8418442826204,-0.4664656988212268,Day_4,Experiment_3,IR,Dark,90,Un. Pol
Co-Polarized_IR,C15,125,375,5.0,15.0,1.0231815394945442e-15,132.2800558390386,-0.4871089471638331,Day_4,Experiment_3,IR,Dark,90,Un. Pol
Co-Polarized_IR,C15,150,400,6.0,16.0,4.206412995699793e-15,134.50865196337577,-0.5623621195671481,Day_4,Experiment_3,IR,Dark,90,Un. Pol
Co-Polarized_IR,C15,175,425,7.0,17.0,-1.4779288903810085e-15,133.43601637156272,-0.6837994683572907,Day_4,Experiment_3,IR,Dark,90,Un. Pol
Co-Polarized_IR,C15,200,450,8.0,18.0,-9.094947017729284e-15,124.18443257310597,-0.5555031844851686,Day_4,Experiment_3,IR,Dark,90,Un. Pol
Co-Polarized_IR,C15,225,475,9.0,19.0,-2.2737367544323206e-16,69.28446130048404,-0.022059228232369,Day_4,Experiment_3,IR,Dark,90,Un. Pol
Co-Polarized_IR,C15,250,500,10.0,20.0,2.273736754432321e-15,73.86687420151901,-0.1767384697842143,Day_4,Experiment_3,IR,Dark,90,Un. Pol
Co-Polarized_IR,C15,275,525,11.0,21.0,-4.547473508864641e-16,72.79115728597816,-0.0713379984349377,Day_4,Experiment_3,IR,Dark,90,Un. Pol
Co-Polarized_IR,C15,300,550,12.0,22.0,-9.094947017729285e-16,77.53817177992082,0.0747797088649918,Day_4,Experiment_3,IR,Dark,90,Un. Pol
Co-Polarized_IR,C15,325,575,13.0,23.0,-5.684341886080805e-16,71.18087630543792,-0.0723888663262144,Day_4,Experiment_3,IR,Dark,90,Un. Pol
Co-Polarized_IR,C15,350,600,14.0,24.0,-9.094947017729285e-16,72.59029091912329,0.0844006995484369,Day_4,Experiment_3,IR,Dark,90,Un. Pol
Co-Polarized_IR,C15,375,625,15.0,25.0,1.1084466677857565e-15,62.96520493490739,-0.0116520234180273,Day_4,Experiment_3,IR,Dark,90,Un. Pol
Co-Polarized_IR,C15,400,650,16.0,26.0,-1.8189894035458565e-15,63.044532052624795,-0.0267614858760036,Day_4,Experiment_3,IR,Dark,90,Un. Pol
Co-Polarized_IR,C15,425,675,17.0,27.0,4.973799150320702e-16,62.35437786106468,-0.0364532790918614,Day_4,Experiment_3,IR,Dark,90,Un. Pol
Co-Polarized_IR,C15,450,700,18.0,28.0,6.821210263296962e-16,62.09985883578573,-0.0529883039306304,Day_4,Experiment_3,IR,Dark,90,Un. Pol
Co-Polarized_IR,C15,475,725,19.0,29.0,-1.5347723092418164e-15,59.02463762638025,-0.0670281262838601,Day_4,Experiment_3,IR,Dark,90,Un. Pol
Co-Polarized_IR,C15,500,750,20.0,30.0,6.821210263296962e-16,59.13356332989098,-0.0079633828020481,Day_4,Experiment_3,IR,Dark,90,Un. Pol
Co-Polarized_IR,C15,525,775,21.0,31.0,-2.8421709430404013e-16,58.27794824115787,-0.0455285954223281,Day_4,Experiment_3,IR,Dark,90,Un. Pol
Co-Polarized_IR,C15,550,800,22.0,32.0,4.547473508864641e-16,60.3704748127222,0.0798110575522452,Day_4,Experiment_3,IR,Dark,90,Un. Pol
Co-Polarized_IR,C15,575,825,23.0,33.0,2.2737367544323206e-16,60.17681398830075,0.0357392417550732,Day_4,Experiment_3,IR,Dark,90,Un. Pol
Co-Polarized_IR,C15,600,850,24.0,34.0,6.821210263296962e-16,57.11973713018758,-0.0573679494056886,Day_4,Experiment_3,IR,Dark,90,Un. Pol
Co-Polarized_IR,C15,625,875,25.0,35.0,-1.932676241267473e-15,58.15043443814126,-0.0149707259234502,Day_4,Experiment_3,IR,Dark,90,Un. Pol
Co-Polarized_IR,C15,650,900,26.0,36.0,-1.8189894035458565e-15,59.652155342728975,-0.0672816436868578,Day_4,Experiment_3,IR,Dark,90,Un. Pol
Co-Polarized_IR,C15,675,925,27.0,37.0,6.821210263296962e-16,66.6847286337248,0.0563449797435601,Day_4,Experiment_3,IR,Dark,90,Un. Pol
Co-Polarized_IR,C15,700,950,28.0,38.0,2.2737367544323206e-16,60.810056642758816,-0.0094782317882983,Day_4,Experiment_3,IR,Dark,90,Un. Pol
Co-Polarized_IR,C15,725,975,29.0,39.0,3.865352482534945e-15,68.6448588269625,-0.1854190544827236,Day_4,Experiment_3,IR,Dark,90,Un. Pol
Co-Polarized_IR,C15,750,1000,30.0,40.0,0.0,62.00310375259634,-0.0753017565621546,Day_4,Experiment_3,IR,Dark,90,Un. Pol
Co-Polarized_IR,C15,775,1025,31.0,41.0,1.1368683772161605e-15,65.95371215317854,0.0096643613605144,Day_4,Experiment_3,IR,Dark,90,Un. Pol
Co-Polarized_IR,C15,800,1050,32.0,42.0,-9.094947017729285e-16,65.4881687296145,0.0289542076303863,Day_4,Experiment_3,IR,Dark,90,Un. Pol
Co-Polarized_IR,C15,825,1075,33.0,43.0,4.547473508864641e-15,67.009858947175,-0.0969932365613323,Day_4,Experiment_3,IR,Dark,90,Un. Pol
Co-Polarized_IR,C15,850,1100,34.0,44.0,-5.684341886080805e-16,63.47610891731541,-0.0655116509011237,Day_4,Experiment_3,IR,Dark,90,Un. Pol
Co-Polarized_IR,C15,875,1125,35.0,45.0,-6.821210263296962e-16,68.53860047511725,-0.0746467926239678,Day_4,Experiment_3,IR,Dark,90,Un. Pol
Co-Polarized_IR,C15,900,1150,36.0,46.0,-1.9895196601282807e-15,64.53721731083357,-0.0307410941089647,Day_4,Experiment_3,IR,Dark,90,Un. Pol
Co-Polarized_IR,C15,925,1175,37.0,47.0,-1.5916157281026244e-15,63.680950483850715,-0.0201694020551619,Day_4,Experiment_3,IR,Dark,90,Un. Pol
Co-Polarized_IR,C15,950,1200,38.0,48.0,-7.958078640513122e-16,62.71909932071991,0.0114533424349306,Day_4,Experiment_3,IR,Dark,90,Un. Pol
Co-Polarized_IR,C15,975,1225,39.0,49.0,3.865352482534945e-15,63.50767789049342,-0.0454341938506023,Day_4,Experiment_3,IR,Dark,90,Un. Pol
Co-Polarized_IR,C15,1000,1250,40.0,50.0,0.0,61.10392161136202,0.0053261832098306,Day_4,Experiment_3,IR,Dark,90,Un. Pol
Co-Polarized_IR,C15,1025,1275,41.0,51.0,-4.320099833421409e-15,64.4022940788477,0.041904881694906,Day_4,Experiment_3,IR,Dark,90,Un. Pol
Co-Polarized_IR,C15,1050,1300,42.0,52.0,1.70530256582424e-16,62.79316899511039,-0.0079826888172296,Day_4,Experiment_3,IR,Dark,90,Un. Pol
Co-Polarized_IR,C15,1075,1325,43.0,53.0,0.0,58.28362398071439,0.0030313724340223,Day_4,Experiment_3,IR,Dark,90,Un. Pol
Co-Polarized_IR,C15,1100,1350,44.0,54.0,3.211653165635653e-15,58.95482175966546,0.1186597161973622,Day_4,Experiment_3,IR,Dark,90,Un. Pol
Co-Polarized_IR,C15,1125,1375,45.0,55.0,-1.5916157281026244e-15,60.42433114754546,0.052867981588918,Day_4,Experiment_3,IR,Dark,90,Un. Pol
Co-Polarized_IR,C15,1150,1400,46.0,56.0,1.1368683772161603e-16,66.41559817500065,0.012208429699958,Day_4,Experiment_3,IR,Dark,90,Un. Pol
Co-Polarized_IR,C15,1175,1425,47.0,57.0,1.5916157281026244e-15,59.68715590866105,0.0549142698933392,Day_4,Experiment_3,IR,Dark,90,Un. Pol
Co-Polarized_IR,C15,1200,1450,48.0,58.0,3.410605131648481e-16,60.83022540188523,-0.0223044747634897,Day_4,Experiment_3,IR,Dark,90,Un. Pol
Co-Polarized_IR,C15,1225,1475,49.0,59.0,0.0,56.86629920688262,-0.0012323484350516,Day_4,Experiment_3,IR,Dark,90,Un. Pol
Co-Polarized_IR,C15,1250,1500,50.0,60.0,6.252776074688882e-15,96.77257363525288,-0.0920485596629125,Day_4,Experiment_3,IR,Dark,90,Un. Pol
Cross-Polarized_Green,C19,0,250,0.0,10.0,-3.1263880373444406e-16,25.44287671720784,0.0323318605393631,Day_4,Experiment_3,IR,Dark,90,Un. Pol
Cross-Polarized_Green,C19,25,275,1.0,11.0,-2.842170943040401e-16,24.476132479588905,0.0173215125561675,Day_4,Experiment_3,IR,Dark,90,Un. Pol
Cross-Polarized_Green,C19,50,300,2.0,12.0,5.684341886080804e-16,28.686535107463342,0.5606330592871454,Day_4,Experiment_3,IR,Dark,90,Un. Pol
Cross-Polarized_Green,C19,75,325,3.0,13.0,-1.1937117960769684e-15,32.91969894781014,0.4198984610667779,Day_4,Experiment_3,IR,Dark,90,Un. Pol
Cross-Polarized_Green,C19,100,350,4.0,14.0,0.0,34.28548425375731,0.3788591263767191,Day_4,Experiment_3,IR,Dark,90,Un. Pol
Cross-Polarized_Green,C19,125,375,5.0,15.0,-2.2737367544323206e-16,32.60882602792965,0.4986415244000761,Day_4,Experiment_3,IR,Dark,90,Un. Pol
Cross-Polarized_Green,C19,150,400,6.0,16.0,-6.536993168992924e-16,33.03976020985377,0.459344321910143,Day_4,Experiment_3,IR,Dark,90,Un. Pol
Cross-Polarized_Green,C19,175,425,7.0,17.0,-1.1368683772161605e-15,32.628316633368456,0.4523416162439768,Day_4,Experiment_3,IR,Dark,90,Un. Pol
Cross-Polarized_Green,C19,200,450,8.0,18.0,-4.547473508864641e-16,34.53314663341615,0.4713761187386203,Day_4,Experiment_3,IR,Dark,90,Un. Pol
Cross-Polarized_Green,C19,225,475,9.0,19.0,-5.115907697472721e-16,31.32933194422415,0.544622659714259,Day_4,Experiment_3,IR,Dark,90,Un. Pol
Cross-Polarized_Green,C19,250,500,10.0,20.0,-4.547473508864641e-16,32.70079744196702,0.416729756825037,Day_4,Experiment_3,IR,Dark,90,Un. Pol
Cross-Polarized_Green,C19,275,525,11.0,21.0,8.242295734817165e-16,30.65780545072457,0.5258447695894825,Day_4,Experiment_3,IR,Dark,90,Un. Pol
Cross-Polarized_Green,C19,300,550,12.0,22.0,0.0,23.725523451944017,-0.0500709093566548,Day_4,Experiment_3,IR,Dark,90,Un. Pol
Cross-Polarized_Green,C19,325,575,13.0,23.0,-4.547473508864641e-16,21.866772660992655,-0.0316711104137893,Day_4,Experiment_3,IR,Dark,90,Un. Pol
Cross-Polarized_Green,C19,350,600,14.0,24.0,6.252776074688881e-16,22.24592761456812,-0.0149733425905776,Day_4,Experiment_3,IR,Dark,90,Un. Pol
Cross-Polarized_Green,C19,375,625,15.0,25.0,-2.984279490192421e-16,21.24502385350068,-0.0583337492387375,Day_4,Experiment_3,IR,Dark,90,Un. Pol
Cross-Polarized_Green,C19,400,650,16.0,26.0,5.115907697472721e-16,22.32055483200769,-0.1136727849130369,Day_4,Experiment_3,IR,Dark,90,Un. Pol
Cross-Polarized_Green,C19,425,675,17.0,27.0,-5.826450433232822e-16,21.940285331502356,-0.1345522836742685,Day_4,Experiment_3,IR,Dark,90,Un. Pol
Cross-Polarized_Green,C19,450,700,18.0,28.0,1.1368683772161603e-16,22.10913363275781,-0.1921922218367996,Day_4,Experiment_3,IR,Dark,90,Un. Pol
Cross-Polarized_Green,C19,475,725,19.0,29.0,3.410605131648481e-16,22.47375446612032,-0.0824773738758132,Day_4,Experiment_3,IR,Dark,90,Un. Pol
Cross-Polarized_Green,C19,500,750,20.0,30.0,1.1368683772161603e-16,21.647798967389495,-0.1442458213311189,Day_4,Experiment_3,IR,Dark,90,Un. Pol
Cross-Polarized_Green,C19,525,775,21.0,31.0,4.547473508864641e-16,21.67146712259087,-0.1638939846264266,Day_4,Experiment_3,IR,Dark,90,Un. Pol
Cross-Polarized_Green,C19,550,800,22.0,32.0,-3.410605131648481e-16,22.604819413953127,-0.066233348017551,Day_4,Experiment_3,IR,Dark,90,Un. Pol
Cross-Polarized_Green,C19,575,825,23.0,33.0,-6.821210263296962e-16,22.51720235187098,-0.1016448625317979,Day_4,Experiment_3,IR,Dark,90,Un. Pol
Cross-Polarized_Green,C19,600,850,24.0,34.0,-5.684341886080802e-17,22.208074662403277,-0.0517578048527667,Day_4,Experiment_3,IR,Dark,90,Un. Pol
Cross-Polarized_Green,C19,625,875,25.0,35.0,5.115907697472721e-16,23.46697331067634,-0.0669004337834014,Day_4,Experiment_3,IR,Dark,90,Un. Pol
Cross-Polarized_Green,C19,650,900,26.0,36.0,2.842170943040401e-16,24.22396027790666,-0.1116366182413206,Day_4,Experiment_3,IR,Dark,90,Un. Pol
Cross-Polarized_Green,C19,675,925,27.0,37.0,-3.410605131648481e-16,25.6816498200861,0.0268456416715975,Day_4,Experiment_3,IR,Dark,90,Un. Pol
Cross-Polarized_Green,C19,700,950,28.0,38.0,8.5265128291212e-17,23.164909829533073,-0.0583960967994988,Day_4,Experiment_3,IR,Dark,90,Un. Pol
Cross-Polarized_Green,C19,725,975,29.0,39.0,7.958078640513122e-16,24.273871280215015,-0.0307664370602551,Day_4,Experiment_3,IR,Dark,90,Un. Pol
Cross-Polarized_Green,C19,750,1000,30.0,40.0,3.979039320256561e-16,24.05446346445251,-0.0531990156187741,Day_4,Experiment_3,IR,Dark,90,Un. Pol
Cross-Polarized_Green,C19,775,1025,31.0,41.0,2.2737367544323206e-16,26.027552570333377,-0.1300858496822151,Day_4,Experiment_3,IR,Dark,90,Un. Pol
Cross-Polarized_Green,C19,800,1050,32.0,42.0,-2.1316282072803e-16,24.40594760995584,-0.0724155111258519,Day_4,Experiment_3,IR,Dark,90,Un. Pol
Cross-Polarized_Green,C19,825,1075,33.0,43.0,-3.410605131648481e-16,24.336449157205607,-0.0924251484780119,Day_4,Experiment_3,IR,Dark,90,Un. Pol
Cross-Polarized_Green,C19,850,1100,34.0,44.0,-1.1368683772161603e-16,23.200736206665752,-0.0882190381022744,Day_4,Experiment_3,IR,Dark,90,Un. Pol
Cross-Polarized_Green,C19,875,1125,35.0,45.0,-3.410605131648481e-16,25.62642569566395,-0.2951663007358016,Day_4,Experiment_3,IR,Dark,90,Un. Pol
Cross-Polarized_Green,C19,900,1150,36.0,46.0,2.842170943040401e-17,23.706215849524376,-0.0354840180248528,Day_4,Experiment_3,IR,Dark,90,Un. Pol
Cross-Polarized_Green,C19,925,1175,37.0,47.0,1.1368683772161603e-16,23.47223991439637,-0.0356138441304565,Day_4,Experiment_3,IR,Dark,90,Un. Pol
Cross-Polarized_Green,C19,950,1200,38.0,48.0,2.842170943040401e-17,22.807131457232583,-0.0605882593299977,Day_4,Experiment_3,IR,Dark,90,Un. Pol
Cross-Polarized_Green,C19,975,1225,39.0,49.0,3.410605131648481e-16,22.484900100290783,0.0076412434205843,Day_4,Experiment_3,IR,Dark,90,Un. Pol
Cross-Polarized_Green,C19,1000,1250,40.0,50.0,-6.252776074688881e-16,22.585234161747024,0.033727503677363,Day_4,Experiment_3,IR,Dark,90,Un. Pol
Cross-Polarized_Green,C19,1025,1275,41.0,51.0,-9.094947017729285e-16,23.19974219229424,-0.0180046562107096,Day_4,Experiment_3,IR,Dark,90,Un. Pol
Cross-Polarized_Green,C19,1050,1300,42.0,52.0,-6.252776074688881e-16,23.916742704383317,-0.0470998280780311,Day_4,Experiment_3,IR,Dark,90,Un. Pol
Cross-Polarized_Green,C19,1075,1325,43.0,53.0,-5.684341886080802e-17,23.314746785971384,0.0094899803238004,Day_4,Experiment_3,IR,Dark,90,Un. Pol
Cross-Polarized_Green,C19,1100,1350,44.0,54.0,-2.2737367544323206e-16,23.943074277626888,0.0003682508145548,Day_4,Experiment_3,IR,Dark,90,Un. Pol
Cross-Polarized_Green,C19,1125,1375,45.0,55.0,4.547473508864641e-16,23.920002789564556,-0.0081171356054381,Day_4,Experiment_3,IR,Dark,90,Un. Pol
Cross-Polarized_Green,C19,1150,1400,46.0,56.0,1.2221335055073722e-15,25.049756406718345,-0.0365134454431437,Day_4,Experiment_3,IR,Dark,90,Un. Pol
Cross-Polarized_Green,C19,1175,1425,47.0,57.0,-3.410605131648481e-16,23.50163315785032,0.0155264343242239,Day_4,Experiment_3,IR,Dark,90,Un. Pol
Cross-Polarized_Green,C19,1200,1450,48.0,58.0,-1.3642420526593924e-15,23.93127602144869,-0.0455521961763031,Day_4,Experiment_3,IR,Dark,90,Un. Pol
Cross-Polarized_Green,C19,1225,1475,49.0,59.0,-1.1368683772161603e-16,22.80368351858264,-0.1352439529955372,Day_4,Experiment_3,IR,Dark,90,Un. Pol
Cross-Polarized_Green,C19,1250,1500,50.0,60.0,1.7053025658242404e-15,25.75264579995468,-0.0928807137971271,Day_4,Experiment_3,IR,Dark,90,Un. Pol
Cross-Polarized_Red,C18,0,250,0.0,10.0,-1.7053025658242404e-15,52.91610524841032,-0.0240748700888306,Day_4,Experiment_3,IR,Dark,90,Un. Pol
Cross-Polarized_Red,C18,25,275,1.0,11.0,3.410605131648481e-16,50.90443366709171,-0.0073213253187171,Day_4,Experiment_3,IR,Dark,90,Un. Pol
Cross-Polarized_Red,C18,50,300,2.0,12.0,-1.3073986337985845e-15,53.48381077400411,-0.0706935956221939,Day_4,Experiment_3,IR,Dark,90,Un. Pol
Cross-Polarized_Red,C18,75,325,3.0,13.0,1.1368683772161605e-15,53.91584966480102,-0.0034689340284117,Day_4,Experiment_3,IR,Dark,90,Un. Pol
Cross-Polarized_Red,C18,100,350,4.0,14.0,-6.821210263296962e-16,76.16850966556677,0.8247458978002239,Day_4,Experiment_3,IR,Dark,90,Un. Pol
Cross-Polarized_Red,C18,125,375,5.0,15.0,-5.684341886080803e-16,59.85403509674685,0.0767747287335051,Day_4,Experiment_3,IR,Dark,90,Un. Pol
Cross-Polarized_Red,C18,150,400,6.0,16.0,-2.3874235921539368e-15,59.60706918262069,-0.0252815924922928,Day_4,Experiment_3,IR,Dark,90,Un. Pol
Cross-Polarized_Red,C18,175,425,7.0,17.0,1.0231815394945442e-15,58.05308506507703,-0.104754841375754,Day_4,Experiment_3,IR,Dark,90,Un. Pol
Cross-Polarized_Red,C18,200,450,8.0,18.0,-2.955857780762017e-15,64.3713779622028,-0.059441511867529,Day_4,Experiment_3,IR,Dark,90,Un. Pol
Cross-Polarized_Red,C18,225,475,9.0,19.0,0.0,59.12078927117841,-0.0427837399578905,Day_4,Experiment_3,IR,Dark,90,Un. Pol
Cross-Polarized_Red,C18,250,500,10.0,20.0,-2.3874235921539368e-15,60.04912932347485,-0.0555769232536881,Day_4,Experiment_3,IR,Dark,90,Un. Pol
Cross-Polarized_Red,C18,275,525,11.0,21.0,-1.1368683772161603e-16,59.20431861958836,-0.0875489106238635,Day_4,Experiment_3,IR,Dark,90,Un. Pol
Cross-Polarized_Red,C18,300,550,12.0,22.0,2.2737367544323206e-16,63.676886776358195,0.0702387980526157,Day_4,Experiment_3,IR,Dark,90,Un. Pol
Cross-Polarized_Red,C18,325,575,13.0,23.0,1.4210854715202004e-16,58.03816192822648,0.0109342007486684,Day_4,Experiment_3,IR,Dark,90,Un. Pol
Cross-Polarized_Red,C18,350,600,14.0,24.0,3.183231456205249e-15,61.63341994941653,0.4549739485865417,Day_4,Experiment_3,IR,Dark,90,Un. Pol
Cross-Polarized_Red,C18,375,625,15.0,25.0,3.979039320256561e-16,51.32299625145214,-0.0408410387448193,Day_4,Experiment_3,IR,Dark,90,Un. Pol
Cross-Polarized_Red,C18,400,650,16.0,26.0,0.0,54.78422507657977,-0.0027134600384931,Day_4,Experiment_3,IR,Dark,90,Un. Pol
Cross-Polarized_Red,C18,425,675,17.0,27.0,-3.0695446184836328e-15,55.02688361944133,-0.0069736488802226,Day_4,Experiment_3,IR,Dark,90,Un. Pol
Cross-Polarized_Red,C18,450,700,18.0,28.0,1.1368683772161605e-15,53.92372108932625,0.0249331068739941,Day_4,Experiment_3,IR,Dark,90,Un. Pol
Cross-Polarized_Red,C18,475,725,19.0,29.0,-1.7621459846850484e-15,53.236684916031074,-0.0521526703348302,Day_4,Experiment_3,IR,Dark,90,Un. Pol
Cross-Polarized_Red,C18,500,750,20.0,30.0,-1.1368683772161605e-15,52.64084215701682,0.0019455314505025,Day_4,Experiment_3,IR,Dark,90,Un. Pol
Cross-Polarized_Red,C18,525,775,21.0,31.0,-2.2737367544323206e-16,53.725530527755154,-0.0635309102736929,Day_4,Experiment_3,IR,Dark,90,Un. Pol
Cross-Polarized_Red,C18,550,800,22.0,32.0,2.0463630789890884e-15,52.96845685734188,0.0154317415406911,Day_4,Experiment_3,IR,Dark,90,Un. Pol
Cross-Polarized_Red,C18,575,825,23.0,33.0,-1.7053025658242404e-15,55.29880025680134,-0.011105945162049,Day_4,Experiment_3,IR,Dark,90,Un. Pol
Cross-Polarized_Red,C18,600,850,24.0,34.0,5.684341886080803e-16,50.957003004806225,0.0023077677089422,Day_4,Experiment_3,IR,Dark,90,Un. Pol
Cross-Polarized_Red,C18,625,875,25.0,35.0,-7.958078640513122e-16,51.02986046640552,-0.0142675029672988,Day_4,Experiment_3,IR,Dark,90,Un. Pol
Cross-Polarized_Red,C18,650,900,26.0,36.0,-1.3642420526593924e-15,52.59630334683289,-0.0631062099140619,Day_4,Experiment_3,IR,Dark,90,Un. Pol
Cross-Polarized_Red,C18,675,925,27.0,37.0,0.0,56.23156742315975,0.0273602457750358,Day_4,Experiment_3,IR,Dark,90,Un. Pol
Cross-Polarized_Red,C18,700,950,28.0,38.0,-2.8421709430404013e-16,50.909563912260175,0.0293999674265324,Day_4,Experiment_3,IR,Dark,90,Un. Pol
Cross-Polarized_Red,C18,725,975,29.0,39.0,2.2737367544323206e-16,54.29816501288959,-0.0570271569081657,Day_4,Experiment_3,IR,Dark,90,Un. Pol
Cross-Polarized_Red,C18,750,1000,30.0,40.0,4.547473508864641e-16,51.45392958754024,-0.0759161110301909,Day_4,Experiment_3,IR,Dark,90,Un. Pol
Cross-Polarized_Red,C18,775,1025,31.0,41.0,-6.821210263296962e-16,56.59576145855112,-0.039984116749649,Day_4,Experiment_3,IR,Dark,90,Un. Pol
Cross-Polarized_Red,C18,800,1050,32.0,42.0,1.7621459846850484e-15,51.71503132614207,-0.0401117299566969,Day_4,Experiment_3,IR,Dark,90,Un. Pol
Cross-Polarized_Red,C18,825,1075,33.0,43.0,-1.0231815394945442e-15,53.08981824325342,-0.0719125882755033,Day_4,Experiment_3,IR,Dark,90,Un. Pol
Cross-Polarized_Red,C18,850,1100,34.0,44.0,-2.2737367544323206e-16,49.28959048389945,-0.0515111023333849,Day_4,Experiment_3,IR,Dark,90,Un. Pol
Cross-Polarized_Red,C18,875,1125,35.0,45.0,4.547473508864641e-16,52.68875966765878,-0.0502286830332976,Day_4,Experiment_3,IR,Dark,90,Un. Pol
Cross-Polarized_Red,C18,900,1150,36.0,46.0,2.5579538487363605e-16,50.24643170411795,-0.0819077018084958,Day_4,Experiment_3,IR,Dark,90,Un. Pol
Cross-Polarized_Red,C18,925,1175,37.0,47.0,-4.547473508864641e-16,50.892269617954746,0.026244630336028,Day_4,Experiment_3,IR,Dark,90,Un. Pol
Cross-Polarized_Red,C18,950,1200,38.0,48.0,2.2737367544323206e-16,50.21656624000504,-0.0310395165796348,Day_4,Experiment_3,IR,Dark,90,Un. Pol
Cross-Polarized_Red,C18,975,1225,39.0,49.0,6.821210263296962e-16,50.561783496097505,-0.0965527920697357,Day_4,Experiment_3,IR,Dark,90,Un. Pol
Cross-Polarized_Red,C18,1000,1250,40.0,50.0,-5.115907697472721e-16,49.1239336863608,-0.0631323951119091,Day_4,Experiment_3,IR,Dark,90,Un. Pol
Cross-Polarized_Red,C18,1025,1275,41.0,51.0,-6.821210263296962e-16,51.292999166663314,0.0087922200952761,Day_4,Experiment_3,IR,Dark,90,Un. Pol
Cross-Polarized_Red,C18,1050,1300,42.0,52.0,-1.9895196601282807e-15,50.73062460332608,-0.0377003601717462,Day_4,Experiment_3,IR,Dark,90,Un. Pol
Cross-Polarized_Red,C18,1075,1325,43.0,53.0,4.547473508864641e-16,49.391289014483945,-0.0333907770219402,Day_4,Experiment_3,IR,Dark,90,Un. Pol
Cross-Polarized_Red,C18,1100,1350,44.0,54.0,0.0,52.50063018059496,-0.0960015171648648,Day_4,Experiment_3,IR,Dark,90,Un. Pol
Cross-Polarized_Red,C18,1125,1375,45.0,55.0,-9.094947017729285e-16,52.78749877530875,-0.066675460238979,Day_4,Experiment_3,IR,Dark,90,Un. Pol
Cross-Polarized_Red,C18,1150,1400,46.0,56.0,4.092726157978177e-15,55.90429119894119,-0.0471916223485696,Day_4,Experiment_3,IR,Dark,90,Un. Pol
Cross-Polarized_Red,C18,1175,1425,47.0,57.0,0.0,52.51808688526851,0.0016274340550955,Day_4,Experiment_3,IR,Dark,90,Un. Pol
Cross-Polarized_Red,C18,1200,1450,48.0,58.0,-1.5916157281026244e-15,54.321887774885674,-0.0439770222498684,Day_4,Experiment_3,IR,Dark,90,Un. Pol
Cross-Polarized_Red,C18,1225,1475,49.0,59.0,-2.2737367544323206e-16,50.56441803670435,-0.0331945552314875,Day_4,Experiment_3,IR,Dark,90,Un. Pol
Cross-Polarized_Red,C18,1250,1500,50.0,60.0,2.273736754432321e-15,57.21515350035057,-0.0118882351107811,Day_4,Experiment_3,IR,Dark,90,Un. Pol
Cross-Polarized_IR,C21,0,250,0.0,10.0,2.6147972675971686e-15,85.56595063627267,-0.019467766710805058,Day_4,Experiment_3,IR,Dark,90,Un. Pol
Cross-Polarized_IR,C21,25,275,1.0,11.0,6.821210263296962e-16,82.09813192760672,-0.11978703712004647,Day_4,Experiment_3,IR,Dark,90,Un. Pol
Cross-Polarized_IR,C21,50,300,2.0,12.0,9.094947017729283e-16,85.11018347611555,-0.13577754690379754,Day_4,Experiment_3,IR,Dark,90,Un. Pol
Cross-Polarized_IR,C21,75,325,3.0,13.0,-9.094947017729283e-16,84.09327069550555,-0.1326663173928757,Day_4,Experiment_3,IR,Dark,90,Un. Pol
Cross-Polarized_IR,C21,100,350,4.0,14.0,2.5011104298755525e-15,89.27145955942245,-0.041642089401579846,Day_4,Experiment_3,IR,Dark,90,Un. Pol
Cross-Polarized_IR,C21,125,375,5.0,15.0,4.547473508864641e-16,82.80234563805611,-0.09840886944127103,Day_4,Experiment_3,IR,Dark,90,Un. Pol
Cross-Polarized_IR,C21,150,400,6.0,16.0,1.8189894035458565e-15,86.71990311828242,-0.21744952757058778,Day_4,Experiment_3,IR,Dark,90,Un. Pol
Cross-Polarized_IR,C21,175,425,7.0,17.0,-2.2737367544323206e-16,82.66925456061949,-0.24537497577631462,Day_4,Experiment_3,IR,Dark,90,Un. Pol
Cross-Polarized_IR,C21,200,450,8.0,18.0,1.3642420526593924e-15,87.37196318768562,-0.3158894163433935,Day_4,Experiment_3,IR,Dark,90,Un. Pol
Cross-Polarized_IR,C21,225,475,9.0,19.0,2.0463630789890884e-15,75.04564951604036,-0.009131713089365757,Day_4,Experiment_3,IR,Dark,90,Un. Pol
Cross-Polarized_IR,C21,250,500,10.0,20.0,0.0,76.7446463803346,-0.01966267774337755,Day_4,Experiment_3,IR,Dark,90,Un. Pol
Cross-Polarized_IR,C21,275,525,11.0,21.0,-1.3642420526593924e-15,73.2596268298075,-0.055481784037246004,Day_4,Experiment_3,IR,Dark,90,Un. Pol
Cross-Polarized_IR,C21,300,550,12.0,22.0,3.637978807091713e-15,79.5829686293778,0.10547847548017691,Day_4,Experiment_3,IR,Dark,90,Un. Pol
Cross-Polarized_IR,C21,325,575,13.0,23.0,-1.7621459846850484e-15,75.22290356896728,0.007483296250485334,Day_4,Experiment_3,IR,Dark,90,Un. Pol
Cross-Polarized_IR,C21,350,600,14.0,24.0,2.2737367544323206e-15,78.19127057549342,0.016455536089812636,Day_4,Experiment_3,IR,Dark,90,Un. Pol
Cross-Polarized_IR,C21,375,625,15.0,25.0,1.3926637620897964e-15,73.92942682094356,-0.02337699219925235,Day_4,Experiment_3,IR,Dark,90,Un. Pol
Cross-Polarized_IR,C21,400,650,16.0,26.0,1.8189894035458565e-15,77.08625663485901,-0.03371036362656393,Day_4,Experiment_3,IR,Dark,90,Un. Pol
Cross-Polarized_IR,C21,425,675,17.0,27.0,1.4210854715202005e-15,75.87661005564459,-0.030542802644969887,Day_4,Experiment_3,IR,Dark,90,Un. Pol
Cross-Polarized_IR,C21,450,700,18.0,28.0,0.0,76.82695678468319,-0.011724228423532478,Day_4,Experiment_3,IR,Dark,90,Un. Pol
Cross-Polarized_IR,C21,475,725,19.0,29.0,1.1368683772161603e-15,75.98816512487457,-0.03954553992924429,Day_4,Experiment_3,IR,Dark,90,Un. Pol
Cross-Polarized_IR,C21,500,750,20.0,30.0,2.2737367544323206e-16,76.37922041664028,-0.04227562147312516,Day_4,Experiment_3,IR,Dark,90,Un. Pol
Cross-Polarized_IR,C21,525,775,21.0,31.0,2.2737367544323206e-16,77.02316582989806,-0.09411186704990106,Day_4,Experiment_3,IR,Dark,90,Un. Pol
Cross-Polarized_IR,C21,550,800,22.0,32.0,-3.637978807091713e-15,77.32826084667244,0.01561244409964685,Day_4,Experiment_3,IR,Dark,90,Un. Pol
Cross-Polarized_IR,C21,575,825,23.0,33.0,2.2737367544323206e-15,79.90031649217889,-0.024831009829417206,Day_4,Experiment_3,IR,Dark,90,Un. Pol
Cross-Polarized_IR,C21,600,850,24.0,34.0,0.0,73.82423825564005,-0.029925086027771292,Day_4,Experiment_3,IR,Dark,90,Un. Pol
Cross-Polarized_IR,C21,625,875,25.0,35.0,2.2737367544323206e-16,77.0659878504782,-0.02811507450969561,Day_4,Experiment_3,IR,Dark,90,Un. Pol
Cross-Polarized_IR,C21,650,900,26.0,36.0,-2.2737367544323206e-16,77.08877269798076,-0.034770631875221364,Day_4,Experiment_3,IR,Dark,90,Un. Pol
Cross-Polarized_IR,C21,675,925,27.0,37.0,2.0463630789890884e-15,83.4636559092726,0.08621132316311084,Day_4,Experiment_3,IR,Dark,90,Un. Pol
Cross-Polarized_IR,C21,700,950,28.0,38.0,4.547473508864641e-16,75.14964023653829,0.019865835724997612,Day_4,Experiment_3,IR,Dark,90,Un. Pol
Cross-Polarized_IR,C21,725,975,29.0,39.0,4.547473508864641e-16,80.64288498581917,-0.043667193597079004,Day_4,Experiment_3,IR,Dark,90,Un. Pol
Cross-Polarized_IR,C21,750,1000,30.0,40.0,6.821210263296962e-16,77.1167385047965,-0.05464516206519047,Day_4,Experiment_3,IR,Dark,90,Un. Pol
Cross-Polarized_IR,C21,775,1025,31.0,41.0,1.3642420526593924e-15,85.13469374824602,0.024376634892870053,Day_4,Experiment_3,IR,Dark,90,Un. Pol
Cross-Polarized_IR,C21,800,1050,32.0,42.0,4.547473508864641e-16,78.37562542375413,0.015220166820939634,Day_4,Experiment_3,IR,Dark,90,Un. Pol
Cross-Polarized_IR,C21,825,1075,33.0,43.0,-2.5011104298755525e-15,82.09576807922606,-0.07750971206952673,Day_4,Experiment_3,IR,Dark,90,Un. Pol
Cross-Polarized_IR,C21,850,1100,34.0,44.0,2.2737367544323206e-16,76.67762258988391,-0.046024618112973724,Day_4,Experiment_3,IR,Dark,90,Un. Pol
Cross-Polarized_IR,C21,875,1125,35.0,45.0,2.7284841053187848e-15,82.75080919963519,-0.07187417928703817,Day_4,Experiment_3,IR,Dark,90,Un. Pol
Cross-Polarized_IR,C21,900,1150,36.0,46.0,-5.115907697472721e-16,78.35552435045362,-0.04446137163641095,Day_4,Experiment_3,IR,Dark,90,Un. Pol
Cross-Polarized_IR,C21,925,1175,37.0,47.0,-2.2737367544323206e-16,79.0839823459682,0.020570148712917416,Day_4,Experiment_3,IR,Dark,90,Un. Pol
Cross-Polarized_IR,C21,950,1200,38.0,48.0,2.5011104298755525e-15,77.40027590390244,-0.015493981126367145,Day_4,Experiment_3,IR,Dark,90,Un. Pol
Cross-Polarized_IR,C21,975,1225,39.0,49.0,2.2737367544323206e-15,76.81855487340236,-0.020668705432829244,Day_4,Experiment_3,IR,Dark,90,Un. Pol
Cross-Polarized_IR,C21,1000,1250,40.0,50.0,-3.410605131648481e-16,75.67131918215814,-0.026427984322991444,Day_4,Experiment_3,IR,Dark,90,Un. Pol
Cross-Polarized_IR,C21,1025,1275,41.0,51.0,9.094947017729283e-16,78.81949593131688,0.04818133404548814,Day_4,Experiment_3,IR,Dark,90,Un. Pol
Cross-Polarized_IR,C21,1050,1300,42.0,52.0,9.094947017729283e-16,78.2359733436104,0.01520269945850929,Day_4,Experiment_3,IR,Dark,90,Un. Pol
Cross-Polarized_IR,C21,1075,1325,43.0,53.0,1.1368683772161603e-15,73.57661112088434,-0.024741585379739105,Day_4,Experiment_3,IR,Dark,90,Un. Pol
Cross-Polarized_IR,C21,1100,1350,44.0,54.0,7.958078640513122e-16,75.84971503648826,-0.02793906477591631,Day_4,Experiment_3,IR,Dark,90,Un. Pol
Cross-Polarized_IR,C21,1125,1375,45.0,55.0,-2.0463630789890884e-15,77.11612922954536,-0.023367238796579048,Day_4,Experiment_3,IR,Dark,90,Un. Pol
Cross-Polarized_IR,C21,1150,1400,46.0,56.0,-4.547473508864641e-16,82.31734414605165,-0.0501500147232091,Day_4,Experiment_3,IR,Dark,90,Un. Pol
Cross-Polarized_IR,C21,1175,1425,47.0,57.0,6.821210263296962e-16,75.4752734424452,-0.005559445797967249,Day_4,Experiment_3,IR,Dark,90,Un. Pol
Cross-Polarized_IR,C21,1200,1450,48.0,58.0,-2.3874235921539368e-15,78.0968951194425,-0.10426484851141213,Day_4,Experiment_3,IR,Dark,90,Un. Pol
Cross-Polarized_IR,C21,1225,1475,49.0,59.0,9.094947017729283e-16,74.6109951739512,-0.08917175223999492,Day_4,Experiment_3,IR,Dark,90,Un. Pol
Cross-Polarized_IR,C21,1250,1500,50.0,60.0,-2.0463630789890884e-15,81.06319252617644,-0.14934734221969137,Day_4,Experiment_3,IR,Dark,90,Un. Pol
