Channel,Hardware Channel,WindowStartIdx,WindowEndIdx,WindowStartSec,WindowEndSec,Mean,Std,Skewness,Day,SkinTone,Speed,Depth,Experiment
Unpolarized_A_Green,C5,0,250,0.0,10.0,-1.1368683772161603e-16,5.157665351306798,0.2797150061303176,Day_2,Dark,Fast,2.5mm,Experiment_2
Unpolarized_A_Green,C5,25,275,1.0,11.0,5.684341886080802e-17,5.822858364341436,0.255393810817926,Day_2,Dark,Fast,2.5mm,Experiment_2
Unpolarized_A_Green,C5,50,300,2.0,12.0,5.684341886080802e-17,5.889158374552446,0.142045479043037,Day_2,Dark,Fast,2.5mm,Experiment_2
Unpolarized_A_Green,C5,75,325,3.0,13.0,9.592326932761351e-17,5.922254181203394,0.16937204842747,Day_2,Dark,Fast,2.5mm,Experiment_2
Unpolarized_A_Green,C5,100,350,4.0,14.0,-1.2789769243681802e-16,6.313249106008174,0.1304819512515159,Day_2,Dark,Fast,2.5mm,Experiment_2
Unpolarized_A_Green,C5,125,375,5.0,15.0,3.037570195374428e-16,6.364482797154963,0.212041776586638,Day_2,Dark,Fast,2.5mm,Experiment_2
Unpolarized_A_Green,C5,150,400,6.0,16.0,3.019806626980426e-17,5.869269237165735,-0.0739972857713196,Day_2,Dark,Fast,2.5mm,Experiment_2
Unpolarized_A_Green,C5,175,425,7.0,17.0,7.105427357601002e-17,5.645880687945275,-0.1885941380054629,Day_2,Dark,Fast,2.5mm,Experiment_2
Unpolarized_A_Green,C5,200,450,8.0,18.0,-2.842170943040401e-17,5.858229614491315,-0.296876233533078,Day_2,Dark,Fast,2.5mm,Experiment_2
Unpolarized_A_Green,C5,225,475,9.0,19.0,-2.913225216616411e-16,5.620541010721241,-0.4354321589777249,Day_2,Dark,Fast,2.5mm,Experiment_2
Unpolarized_A_Green,C5,250,500,10.0,20.0,-7.105427357601002e-18,5.675583378303624,-0.2094696257786743,Day_2,Dark,Fast,2.5mm,Experiment_2
Unpolarized_A_Green,C5,275,525,11.0,21.0,1.4210854715202004e-16,5.766454249321349,-0.1937629256956154,Day_2,Dark,Fast,2.5mm,Experiment_2
Unpolarized_A_Green,C5,300,550,12.0,22.0,-4.1211478674085813e-16,7.196323901541661,-0.199056718232096,Day_2,Dark,Fast,2.5mm,Experiment_2
Unpolarized_A_Green,C5,325,575,13.0,23.0,5.684341886080802e-17,6.4211125621476555,-0.2731599204716241,Day_2,Dark,Fast,2.5mm,Experiment_2
Unpolarized_A_Green,C5,350,600,14.0,24.0,2.842170943040401e-17,6.5030329799480855,-0.2821542826603981,Day_2,Dark,Fast,2.5mm,Experiment_2
Unpolarized_A_Green,C5,375,625,15.0,25.0,-1.1368683772161603e-16,6.1510970320620855,-0.2080601030466899,Day_2,Dark,Fast,2.5mm,Experiment_2
Unpolarized_A_Green,C5,400,650,16.0,26.0,-2.842170943040401e-17,6.322699778755812,-0.1407076864653094,Day_2,Dark,Fast,2.5mm,Experiment_2
Unpolarized_A_Green,C5,425,675,17.0,27.0,3.1263880373444406e-16,6.708166892010422,-0.2241230801678496,Day_2,Dark,Fast,2.5mm,Experiment_2
Unpolarized_A_Green,C5,450,700,18.0,28.0,1.2789769243681802e-16,6.567026534427434,-0.2464419002542136,Day_2,Dark,Fast,2.5mm,Experiment_2
Unpolarized_A_Green,C5,475,725,19.0,29.0,-2.7711166694643907e-16,7.984624511843191,-0.2500608636142146,Day_2,Dark,Fast,2.5mm,Experiment_2
Unpolarized_A_Green,C5,500,750,20.0,30.0,1.70530256582424e-16,6.561812354498341,-0.2043279469526757,Day_2,Dark,Fast,2.5mm,Experiment_2
Unpolarized_A_Green,C5,525,775,21.0,31.0,-2.4158453015843413e-16,6.098816337278279,-0.0954426506542971,Day_2,Dark,Fast,2.5mm,Experiment_2
Unpolarized_A_Green,C5,550,800,22.0,32.0,2.3092638912203257e-16,6.169076469462425,-0.1338089364003558,Day_2,Dark,Fast,2.5mm,Experiment_2
Unpolarized_A_Green,C5,575,825,23.0,33.0,2.842170943040401e-17,5.7850106318242,-0.0531429195523142,Day_2,Dark,Fast,2.5mm,Experiment_2
Unpolarized_A_Green,C5,600,850,24.0,34.0,1.0658141036401505e-17,6.088445597418277,0.2314464496618161,Day_2,Dark,Fast,2.5mm,Experiment_2
Unpolarized_A_Green,C5,625,875,25.0,35.0,-1.9539925233402754e-17,6.007923137854207,0.0675960254514594,Day_2,Dark,Fast,2.5mm,Experiment_2
Unpolarized_A_Green,C5,650,900,26.0,36.0,1.5987211554602254e-16,5.35509780681613,0.0491142941053743,Day_2,Dark,Fast,2.5mm,Experiment_2
Unpolarized_A_Green,C5,675,925,27.0,37.0,1.70530256582424e-16,5.561221120606646,-0.0382602480210027,Day_2,Dark,Fast,2.5mm,Experiment_2
Unpolarized_A_Green,C5,700,950,28.0,38.0,-1.4210854715202004e-16,5.195358218864689,-0.1113228308121112,Day_2,Dark,Fast,2.5mm,Experiment_2
Unpolarized_A_Green,C5,725,975,29.0,39.0,-7.460698725481051e-17,5.15759573962692,-0.2353743290212301,Day_2,Dark,Fast,2.5mm,Experiment_2
Unpolarized_A_Green,C5,750,1000,30.0,40.0,-1.1368683772161603e-16,5.015619644185251,0.0605647633410887,Day_2,Dark,Fast,2.5mm,Experiment_2
Unpolarized_A_Green,C5,775,1025,31.0,41.0,2.4158453015843413e-16,5.503599796388854,0.1015618567931329,Day_2,Dark,Fast,2.5mm,Experiment_2
Unpolarized_A_Green,C5,800,1050,32.0,42.0,-1.7763568394002505e-17,5.1789343166816435,-0.0543565108334305,Day_2,Dark,Fast,2.5mm,Experiment_2
Unpolarized_A_Green,C5,825,1075,33.0,43.0,1.1368683772161603e-16,5.397748497366528,0.0232134677535853,Day_2,Dark,Fast,2.5mm,Experiment_2
Unpolarized_A_Green,C5,850,1100,34.0,44.0,2.62900812231237e-16,6.743792654951808,-0.3391678313421598,Day_2,Dark,Fast,2.5mm,Experiment_2
Unpolarized_A_Green,C5,875,1125,35.0,45.0,-2.842170943040401e-17,5.770932656931808,0.0851587477559594,Day_2,Dark,Fast,2.5mm,Experiment_2
Unpolarized_A_Green,C5,900,1150,36.0,46.0,2.842170943040401e-17,5.970450107086307,0.181848121100961,Day_2,Dark,Fast,2.5mm,Experiment_2
Unpolarized_A_Green,C5,925,1175,37.0,47.0,2.131628207280301e-17,5.792513467480752,0.1630773915990106,Day_2,Dark,Fast,2.5mm,Experiment_2
Unpolarized_A_Green,C5,950,1200,38.0,48.0,-1.4210854715202004e-17,5.911391063570797,0.0962000872597484,Day_2,Dark,Fast,2.5mm,Experiment_2
Unpolarized_A_Green,C5,975,1225,39.0,49.0,0.0,5.984619133397697,0.1510025953679554,Day_2,Dark,Fast,2.5mm,Experiment_2
Unpolarized_A_Green,C5,1000,1250,40.0,50.0,5.684341886080802e-17,6.339060589642178,-0.088758586512876,Day_2,Dark,Fast,2.5mm,Experiment_2
Unpolarized_A_Green,C5,1025,1275,41.0,51.0,2.4158453015843413e-16,5.7789249570698855,0.2752562935636807,Day_2,Dark,Fast,2.5mm,Experiment_2
Unpolarized_A_Green,C5,1050,1300,42.0,52.0,-2.131628207280301e-17,5.437946272883068,0.1986779372003641,Day_2,Dark,Fast,2.5mm,Experiment_2
Unpolarized_A_Green,C5,1075,1325,43.0,53.0,-8.5265128291212e-17,5.319664945518753,-0.0856516141048867,Day_2,Dark,Fast,2.5mm,Experiment_2
Unpolarized_A_Green,C5,1100,1350,44.0,54.0,-1.4210854715202004e-17,4.983458407980001,0.1158436619648789,Day_2,Dark,Fast,2.5mm,Experiment_2
Unpolarized_A_Green,C5,1125,1375,45.0,55.0,-3.1974423109204506e-17,4.8981089388165175,0.1843120454868535,Day_2,Dark,Fast,2.5mm,Experiment_2
Unpolarized_A_Green,C5,1150,1400,46.0,56.0,-1.1368683772161603e-16,5.0082329156189305,-0.021618848207897,Day_2,Dark,Fast,2.5mm,Experiment_2
Unpolarized_A_Green,C5,1175,1425,47.0,57.0,7.105427357601002e-17,4.759081913453387,0.046827061717441,Day_2,Dark,Fast,2.5mm,Experiment_2
Unpolarized_A_Green,C5,1200,1450,48.0,58.0,-1.2789769243681802e-16,5.620712156166558,0.0647685641374042,Day_2,Dark,Fast,2.5mm,Experiment_2
Unpolarized_A_Green,C5,1225,1475,49.0,59.0,2.486899575160351e-17,5.275565977237689,-0.1288073623495509,Day_2,Dark,Fast,2.5mm,Experiment_2
Unpolarized_A_Green,C5,1250,1500,50.0,60.0,1.4210854715202004e-17,5.15581490704718,-0.1369727024956192,Day_2,Dark,Fast,2.5mm,Experiment_2
Unpolarized_A_Green,C5,1275,1525,51.0,61.0,1.5631940186722203e-16,5.505695628729902,-0.1677280712177851,Day_2,Dark,Fast,2.5mm,Experiment_2
Unpolarized_A_Green,C5,1300,1550,52.0,62.0,-1.1368683772161603e-16,5.714147341587025,-0.0324166978441171,Day_2,Dark,Fast,2.5mm,Experiment_2
Unpolarized_A_Green,C5,1325,1575,53.0,63.0,9.947598300641404e-17,6.623888540082277,-0.0082110533082765,Day_2,Dark,Fast,2.5mm,Experiment_2
Unpolarized_A_Green,C5,1350,1600,54.0,64.0,-7.105427357601002e-18,5.547548446127128,-0.1966795607001597,Day_2,Dark,Fast,2.5mm,Experiment_2
Unpolarized_A_Green,C5,1375,1625,55.0,65.0,4.2632564145606006e-17,5.5420196663054355,-0.3021115560217509,Day_2,Dark,Fast,2.5mm,Experiment_2
Unpolarized_A_Green,C5,1400,1650,56.0,66.0,-7.105427357601002e-17,5.456640514002048,-0.3705826305373448,Day_2,Dark,Fast,2.5mm,Experiment_2
Unpolarized_A_Red,C2,0,250,0.0,10.0,-1.4210854715202004e-16,4.327614283128191,0.3969402485037442,Day_2,Dark,Fast,2.5mm,Experiment_2
Unpolarized_A_Red,C2,25,275,1.0,11.0,-1.4210854715202004e-16,5.144659017401631,-0.3487540613866531,Day_2,Dark,Fast,2.5mm,Experiment_2
Unpolarized_A_Red,C2,50,300,2.0,12.0,-3.907985046680551e-17,4.582891797097517,0.0922386887155666,Day_2,Dark,Fast,2.5mm,Experiment_2
Unpolarized_A_Red,C2,75,325,3.0,13.0,1.06581410364015e-16,4.836876159236967,0.0602764089836308,Day_2,Dark,Fast,2.5mm,Experiment_2
Unpolarized_A_Red,C2,100,350,4.0,14.0,-4.263256414560601e-17,5.828265280176004,0.0315482913277602,Day_2,Dark,Fast,2.5mm,Experiment_2
Unpolarized_A_Red,C2,125,375,5.0,15.0,8.5265128291212e-17,5.9847739681258885,0.0173205669929011,Day_2,Dark,Fast,2.5mm,Experiment_2
Unpolarized_A_Red,C2,150,400,6.0,16.0,8.5265128291212e-17,6.091239701882793,0.1363615946342866,Day_2,Dark,Fast,2.5mm,Experiment_2
Unpolarized_A_Red,C2,175,425,7.0,17.0,-1.4210854715202004e-16,7.871514250213589,0.4076920608299272,Day_2,Dark,Fast,2.5mm,Experiment_2
Unpolarized_A_Red,C2,200,450,8.0,18.0,-8.5265128291212e-17,8.060625890480509,0.3676155695505745,Day_2,Dark,Fast,2.5mm,Experiment_2
Unpolarized_A_Red,C2,225,475,9.0,19.0,1.1368683772161603e-16,7.768483030138168,0.4068872180487042,Day_2,Dark,Fast,2.5mm,Experiment_2
Unpolarized_A_Red,C2,250,500,10.0,20.0,-1.4210854715202004e-17,7.594526602182611,0.2938332355005216,Day_2,Dark,Fast,2.5mm,Experiment_2
Unpolarized_A_Red,C2,275,525,11.0,21.0,5.684341886080802e-17,8.225483087951455,0.2597141255150261,Day_2,Dark,Fast,2.5mm,Experiment_2
Unpolarized_A_Red,C2,300,550,12.0,22.0,-1.4388490399142032e-16,8.76469312160944,0.4546232434869091,Day_2,Dark,Fast,2.5mm,Experiment_2
Unpolarized_A_Red,C2,325,575,13.0,23.0,8.5265128291212e-17,8.911888029320858,0.4466290444325075,Day_2,Dark,Fast,2.5mm,Experiment_2
Unpolarized_A_Red,C2,350,600,14.0,24.0,-1.9895196601282808e-16,8.273923096905392,0.3913508066754177,Day_2,Dark,Fast,2.5mm,Experiment_2
Unpolarized_A_Red,C2,375,625,15.0,25.0,9.237055564881302e-17,8.189680471382152,0.2728494763842842,Day_2,Dark,Fast,2.5mm,Experiment_2
Unpolarized_A_Red,C2,400,650,16.0,26.0,-2.842170943040401e-16,8.684023053412687,0.4529368275010491,Day_2,Dark,Fast,2.5mm,Experiment_2
Unpolarized_A_Red,C2,425,675,17.0,27.0,0.0,8.233608777406335,-0.1258958735491662,Day_2,Dark,Fast,2.5mm,Experiment_2
Unpolarized_A_Red,C2,450,700,18.0,28.0,-8.5265128291212e-17,9.107011167601234,0.2778137829463585,Day_2,Dark,Fast,2.5mm,Experiment_2
Unpolarized_A_Red,C2,475,725,19.0,29.0,-3.1263880373444406e-16,9.635879825223649,0.0166257740932026,Day_2,Dark,Fast,2.5mm,Experiment_2
Unpolarized_A_Red,C2,500,750,20.0,30.0,-9.947598300641404e-17,9.204789327259368,0.0187242354305153,Day_2,Dark,Fast,2.5mm,Experiment_2
Unpolarized_A_Red,C2,525,775,21.0,31.0,-3.979039320256561e-16,9.18775518337301,-0.0680514116461994,Day_2,Dark,Fast,2.5mm,Experiment_2
Unpolarized_A_Red,C2,550,800,22.0,32.0,0.0,8.328779993643176,-0.0312074029981538,Day_2,Dark,Fast,2.5mm,Experiment_2
Unpolarized_A_Red,C2,575,825,23.0,33.0,-1.1368683772161603e-16,8.123254937749081,0.026495450472737,Day_2,Dark,Fast,2.5mm,Experiment_2
Unpolarized_A_Red,C2,600,850,24.0,34.0,0.0,7.9471628793861475,-0.0336540507817042,Day_2,Dark,Fast,2.5mm,Experiment_2
Unpolarized_A_Red,C2,625,875,25.0,35.0,-4.973799150320702e-16,8.168452057465222,-0.0219684658410255,Day_2,Dark,Fast,2.5mm,Experiment_2
Unpolarized_A_Red,C2,650,900,26.0,36.0,-2.842170943040401e-17,7.965926697269229,0.0462925543913766,Day_2,Dark,Fast,2.5mm,Experiment_2
Unpolarized_A_Red,C2,675,925,27.0,37.0,9.947598300641404e-17,7.5496094256309325,0.8866889870508192,Day_2,Dark,Fast,2.5mm,Experiment_2
Unpolarized_A_Red,C2,700,950,28.0,38.0,0.0,5.968386127701548,0.3837589184342232,Day_2,Dark,Fast,2.5mm,Experiment_2
Unpolarized_A_Red,C2,725,975,29.0,39.0,4.263256414560601e-17,5.523589990250955,0.1965348221687426,Day_2,Dark,Fast,2.5mm,Experiment_2
Unpolarized_A_Red,C2,750,1000,30.0,40.0,-2.486899575160351e-17,4.978153758401853,0.1736955118613481,Day_2,Dark,Fast,2.5mm,Experiment_2
Unpolarized_A_Red,C2,775,1025,31.0,41.0,1.4210854715202004e-17,5.289254436389456,0.1086781728241428,Day_2,Dark,Fast,2.5mm,Experiment_2
Unpolarized_A_Red,C2,800,1050,32.0,42.0,1.314504061156185e-16,5.3129124496346405,0.2006202624998426,Day_2,Dark,Fast,2.5mm,Experiment_2
Unpolarized_A_Red,C2,825,1075,33.0,43.0,9.237055564881302e-17,5.156175023526243,0.1173813762344856,Day_2,Dark,Fast,2.5mm,Experiment_2
Unpolarized_A_Red,C2,850,1100,34.0,44.0,-3.410605131648481e-16,6.492777413311565,0.8805040770768251,Day_2,Dark,Fast,2.5mm,Experiment_2
Unpolarized_A_Red,C2,875,1125,35.0,45.0,5.684341886080802e-17,4.788341216985771,0.0764440801824089,Day_2,Dark,Fast,2.5mm,Experiment_2
Unpolarized_A_Red,C2,900,1150,36.0,46.0,1.06581410364015e-16,5.877440490574985,0.399711850208448,Day_2,Dark,Fast,2.5mm,Experiment_2
Unpolarized_A_Red,C2,925,1175,37.0,47.0,-4.263256414560601e-17,4.559889706478452,0.0352042872665839,Day_2,Dark,Fast,2.5mm,Experiment_2
Unpolarized_A_Red,C2,950,1200,38.0,48.0,-5.684341886080802e-17,5.125692367430719,0.044128232800703,Day_2,Dark,Fast,2.5mm,Experiment_2
Unpolarized_A_Red,C2,975,1225,39.0,49.0,5.684341886080802e-17,5.81194715934319,-0.2748745249964796,Day_2,Dark,Fast,2.5mm,Experiment_2
Unpolarized_A_Red,C2,1000,1250,40.0,50.0,-2.7000623958883806e-16,6.2258759845661285,-0.3528058071078047,Day_2,Dark,Fast,2.5mm,Experiment_2
Unpolarized_A_Red,C2,1025,1275,41.0,51.0,-3.907985046680551e-17,6.30835549335351,-0.2205992185325923,Day_2,Dark,Fast,2.5mm,Experiment_2
Unpolarized_A_Red,C2,1050,1300,42.0,52.0,2.131628207280301e-17,6.732566139456068,-0.3781099588150621,Day_2,Dark,Fast,2.5mm,Experiment_2
Unpolarized_A_Red,C2,1075,1325,43.0,53.0,2.131628207280301e-17,6.862794046933809,-0.1643284766113439,Day_2,Dark,Fast,2.5mm,Experiment_2
Unpolarized_A_Red,C2,1100,1350,44.0,54.0,1.4210854715202004e-16,6.93791293353653,-0.03083825073992,Day_2,Dark,Fast,2.5mm,Experiment_2
Unpolarized_A_Red,C2,1125,1375,45.0,55.0,-2.4158453015843413e-16,7.658739021397947,-0.0748420178778692,Day_2,Dark,Fast,2.5mm,Experiment_2
Unpolarized_A_Red,C2,1150,1400,46.0,56.0,5.968558980384842e-16,8.163956797669925,-0.0223204503650137,Day_2,Dark,Fast,2.5mm,Experiment_2
Unpolarized_A_Red,C2,1175,1425,47.0,57.0,-1.1368683772161603e-16,8.292095030164377,0.055921678342388,Day_2,Dark,Fast,2.5mm,Experiment_2
Unpolarized_A_Red,C2,1200,1450,48.0,58.0,-1.4210854715202004e-16,8.797942507771394,0.0590491135426264,Day_2,Dark,Fast,2.5mm,Experiment_2
Unpolarized_A_Red,C2,1225,1475,49.0,59.0,5.684341886080802e-17,7.879177690390779,0.1117321271604772,Day_2,Dark,Fast,2.5mm,Experiment_2
Unpolarized_A_Red,C2,1250,1500,50.0,60.0,4.263256414560601e-17,7.326788015429643,0.2438390078295705,Day_2,Dark,Fast,2.5mm,Experiment_2
Unpolarized_A_Red,C2,1275,1525,51.0,61.0,5.684341886080802e-17,8.179201325513432,0.1697521328045837,Day_2,Dark,Fast,2.5mm,Experiment_2
Unpolarized_A_Red,C2,1300,1550,52.0,62.0,-1.6697754290362352e-16,8.109674124480298,0.0537575766371959,Day_2,Dark,Fast,2.5mm,Experiment_2
Unpolarized_A_Red,C2,1325,1575,53.0,63.0,-2.2737367544323206e-16,7.905511396990806,0.2344184506375968,Day_2,Dark,Fast,2.5mm,Experiment_2
Unpolarized_A_Red,C2,1350,1600,54.0,64.0,5.115907697472721e-16,7.767596149922148,-0.4078676407338379,Day_2,Dark,Fast,2.5mm,Experiment_2
Unpolarized_A_Red,C2,1375,1625,55.0,65.0,-5.684341886080802e-17,6.884476918980556,-0.1440515271763849,Day_2,Dark,Fast,2.5mm,Experiment_2
Unpolarized_A_Red,C2,1400,1650,56.0,66.0,8.5265128291212e-17,6.7368502044835,-0.1299776562386947,Day_2,Dark,Fast,2.5mm,Experiment_2
Unpolarized_A_IR,C4,0,250,0.0,10.0,-8.5265128291212e-17,5.949526277845375,0.0779546469543926,Day_2,Dark,Fast,2.5mm,Experiment_2
Unpolarized_A_IR,C4,25,275,1.0,11.0,9.947598300641404e-17,6.283527456571643,-0.0039132462335167,Day_2,Dark,Fast,2.5mm,Experiment_2
Unpolarized_A_IR,C4,50,300,2.0,12.0,-5.684341886080802e-17,5.627962656003699,-0.025922119187798,Day_2,Dark,Fast,2.5mm,Experiment_2
Unpolarized_A_IR,C4,75,325,3.0,13.0,0.0,5.381409153203864,-0.0550581638926011,Day_2,Dark,Fast,2.5mm,Experiment_2
Unpolarized_A_IR,C4,100,350,4.0,14.0,-2.842170943040401e-17,5.364599897445613,-0.1274467624631929,Day_2,Dark,Fast,2.5mm,Experiment_2
Unpolarized_A_IR,C4,125,375,5.0,15.0,2.4158453015843413e-16,5.796517448892265,-0.1975653259001834,Day_2,Dark,Fast,2.5mm,Experiment_2
Unpolarized_A_IR,C4,150,400,6.0,16.0,-1.3855583347321954e-16,6.062749451104158,-0.0446150816888539,Day_2,Dark,Fast,2.5mm,Experiment_2
Unpolarized_A_IR,C4,175,425,7.0,17.0,1.1368683772161603e-16,6.256938844320245,0.1948898803669825,Day_2,Dark,Fast,2.5mm,Experiment_2
Unpolarized_A_IR,C4,200,450,8.0,18.0,1.1013412404281552e-16,6.340115786348606,0.1429609961857292,Day_2,Dark,Fast,2.5mm,Experiment_2
Unpolarized_A_IR,C4,225,475,9.0,19.0,-2.8421709430404013e-16,7.647400051801632,-0.633903679929374,Day_2,Dark,Fast,2.5mm,Experiment_2
Unpolarized_A_IR,C4,250,500,10.0,20.0,2.842170943040401e-17,5.8961330536374055,0.0654122625699059,Day_2,Dark,Fast,2.5mm,Experiment_2
Unpolarized_A_IR,C4,275,525,11.0,21.0,-9.237055564881302e-17,5.865125367033636,0.026878004985497,Day_2,Dark,Fast,2.5mm,Experiment_2
Unpolarized_A_IR,C4,300,550,12.0,22.0,-2.842170943040401e-17,5.3894269970493385,-0.024249627082768,Day_2,Dark,Fast,2.5mm,Experiment_2
Unpolarized_A_IR,C4,325,575,13.0,23.0,3.375077994860476e-17,5.472032276260243,0.0361332130747834,Day_2,Dark,Fast,2.5mm,Experiment_2
Unpolarized_A_IR,C4,350,600,14.0,24.0,6.394884621840901e-17,5.407485965789948,-0.0568444030181697,Day_2,Dark,Fast,2.5mm,Experiment_2
Unpolarized_A_IR,C4,375,625,15.0,25.0,-7.105427357601002e-18,5.291201898414848,0.193528095725449,Day_2,Dark,Fast,2.5mm,Experiment_2
Unpolarized_A_IR,C4,400,650,16.0,26.0,-4.8316906031686895e-16,11.788817989631449,0.3869835315027155,Day_2,Dark,Fast,2.5mm,Experiment_2
Unpolarized_A_IR,C4,425,675,17.0,27.0,-8.5265128291212e-17,23.72776781693955,-0.5934429036940303,Day_2,Dark,Fast,2.5mm,Experiment_2
Unpolarized_A_IR,C4,450,700,18.0,28.0,-2.8421709430404013e-16,24.117709234818395,-1.0669121586073278,Day_2,Dark,Fast,2.5mm,Experiment_2
Unpolarized_A_IR,C4,475,725,19.0,29.0,-1.5631940186722203e-16,24.04885715200161,-1.1437255153787955,Day_2,Dark,Fast,2.5mm,Experiment_2
Unpolarized_A_IR,C4,500,750,20.0,30.0,-1.1368683772161603e-16,24.11040678016036,-1.1532103339004287,Day_2,Dark,Fast,2.5mm,Experiment_2
Unpolarized_A_IR,C4,525,775,21.0,31.0,0.0,24.229709562406605,-1.1578218122042658,Day_2,Dark,Fast,2.5mm,Experiment_2
Unpolarized_A_IR,C4,550,800,22.0,32.0,2.842170943040401e-17,24.40340005247563,-1.196378693274528,Day_2,Dark,Fast,2.5mm,Experiment_2
Unpolarized_A_IR,C4,575,825,23.0,33.0,-1.70530256582424e-16,24.24387937822401,-1.1811102528925994,Day_2,Dark,Fast,2.5mm,Experiment_2
Unpolarized_A_IR,C4,600,850,24.0,34.0,-1.1368683772161603e-16,24.02382651677228,-1.1165134716914145,Day_2,Dark,Fast,2.5mm,Experiment_2
Unpolarized_A_IR,C4,625,875,25.0,35.0,-6.252776074688881e-16,24.250078753485212,-1.1863365323451085,Day_2,Dark,Fast,2.5mm,Experiment_2
Unpolarized_A_IR,C4,650,900,26.0,36.0,-2.0605739337042904e-16,6.59337301469298,0.3190561108028946,Day_2,Dark,Fast,2.5mm,Experiment_2
Unpolarized_A_IR,C4,675,925,27.0,37.0,8.5265128291212e-17,5.865243315703548,0.1306155715316589,Day_2,Dark,Fast,2.5mm,Experiment_2
Unpolarized_A_IR,C4,700,950,28.0,38.0,-5.684341886080802e-17,12.121563542327689,-0.5965723152067987,Day_2,Dark,Fast,2.5mm,Experiment_2
Unpolarized_A_IR,C4,725,975,29.0,39.0,-3.6770586575585183e-16,12.542767519297554,-0.8955107543932189,Day_2,Dark,Fast,2.5mm,Experiment_2
Unpolarized_A_IR,C4,750,1000,30.0,40.0,-1.4921397450962102e-16,12.704150164297683,-1.220267483487901,Day_2,Dark,Fast,2.5mm,Experiment_2
Unpolarized_A_IR,C4,775,1025,31.0,41.0,1.70530256582424e-16,12.369858155964318,-1.1328039798020468,Day_2,Dark,Fast,2.5mm,Experiment_2
Unpolarized_A_IR,C4,800,1050,32.0,42.0,3.1263880373444406e-16,12.424917424677338,-1.0752340798233104,Day_2,Dark,Fast,2.5mm,Experiment_2
Unpolarized_A_IR,C4,825,1075,33.0,43.0,1.4210854715202004e-17,11.997775840961586,-1.2025977880143093,Day_2,Dark,Fast,2.5mm,Experiment_2
Unpolarized_A_IR,C4,850,1100,34.0,44.0,1.2789769243681802e-16,12.188364889979384,-1.117134925104203,Day_2,Dark,Fast,2.5mm,Experiment_2
Unpolarized_A_IR,C4,875,1125,35.0,45.0,-2.842170943040401e-17,12.282008458204473,-1.2684113880573384,Day_2,Dark,Fast,2.5mm,Experiment_2
Unpolarized_A_IR,C4,900,1150,36.0,46.0,1.70530256582424e-16,11.95849944651601,-1.2203574845276453,Day_2,Dark,Fast,2.5mm,Experiment_2
Unpolarized_A_IR,C4,925,1175,37.0,47.0,2.842170943040401e-17,12.103565258204531,-0.9005059848572909,Day_2,Dark,Fast,2.5mm,Experiment_2
Unpolarized_A_IR,C4,950,1200,38.0,48.0,1.7763568394002506e-16,5.626099435696322,-0.2199201319855412,Day_2,Dark,Fast,2.5mm,Experiment_2
Unpolarized_A_IR,C4,975,1225,39.0,49.0,-1.2079226507921704e-16,5.063015476250765,-0.2041111887201825,Day_2,Dark,Fast,2.5mm,Experiment_2
Unpolarized_A_IR,C4,1000,1250,40.0,50.0,7.105427357601002e-17,5.022247822851251,-0.2994397418337177,Day_2,Dark,Fast,2.5mm,Experiment_2
Unpolarized_A_IR,C4,1025,1275,41.0,51.0,-5.684341886080802e-17,5.232741490435622,-0.1308250160138451,Day_2,Dark,Fast,2.5mm,Experiment_2
Unpolarized_A_IR,C4,1050,1300,42.0,52.0,-4.2632564145606006e-17,4.992294739735028,-0.3209655986752005,Day_2,Dark,Fast,2.5mm,Experiment_2
Unpolarized_A_IR,C4,1075,1325,43.0,53.0,2.131628207280301e-17,4.908310172928934,-0.3074549033834177,Day_2,Dark,Fast,2.5mm,Experiment_2
Unpolarized_A_IR,C4,1100,1350,44.0,54.0,4.973799150320702e-17,5.012818326983266,-0.1366322432090617,Day_2,Dark,Fast,2.5mm,Experiment_2
Unpolarized_A_IR,C4,1125,1375,45.0,55.0,-2.486899575160351e-17,4.4967985568520294,-0.3920800938558041,Day_2,Dark,Fast,2.5mm,Experiment_2
Unpolarized_A_IR,C4,1150,1400,46.0,56.0,-2.842170943040401e-17,4.272128674159218,-0.1690563884907323,Day_2,Dark,Fast,2.5mm,Experiment_2
Unpolarized_A_IR,C4,1175,1425,47.0,57.0,1.4210854715202004e-17,3.9487518302296345,0.0473866267504793,Day_2,Dark,Fast,2.5mm,Experiment_2
Unpolarized_A_IR,C4,1200,1450,48.0,58.0,7.105427357601002e-17,5.270156544250851,-0.4168892122280832,Day_2,Dark,Fast,2.5mm,Experiment_2
Unpolarized_A_IR,C4,1225,1475,49.0,59.0,1.4210854715202004e-17,5.409843580316487,-0.1606072300492986,Day_2,Dark,Fast,2.5mm,Experiment_2
Unpolarized_A_IR,C4,1250,1500,50.0,60.0,-4.2632564145606006e-17,5.657852419042544,-0.0568097578245626,Day_2,Dark,Fast,2.5mm,Experiment_2
Unpolarized_A_IR,C4,1275,1525,51.0,61.0,1.4210854715202004e-16,5.169593544960456,-0.142338282775254,Day_2,Dark,Fast,2.5mm,Experiment_2
Unpolarized_A_IR,C4,1300,1550,52.0,62.0,-8.5265128291212e-17,5.5842711289584805,-0.1259243513508328,Day_2,Dark,Fast,2.5mm,Experiment_2
Unpolarized_A_IR,C4,1325,1575,53.0,63.0,-5.684341886080802e-17,6.0475105328577525,0.1428741986866134,Day_2,Dark,Fast,2.5mm,Experiment_2
Unpolarized_A_IR,C4,1350,1600,54.0,64.0,-1.2789769243681802e-16,5.656168783372721,-0.0531949593784188,Day_2,Dark,Fast,2.5mm,Experiment_2
Unpolarized_A_IR,C4,1375,1625,55.0,65.0,-8.5265128291212e-17,5.979360399094035,0.00196300013304,Day_2,Dark,Fast,2.5mm,Experiment_2
Unpolarized_A_IR,C4,1400,1650,56.0,66.0,1.1368683772161603e-16,5.777808771953753,0.096473973330949,Day_2,Dark,Fast,2.5mm,Experiment_2
Unpolarized_B_Green,C11,0,250,0.0,10.0,-1.4210854715202004e-16,5.651430409146428,0.2461687311406257,Day_2,Dark,Fast,2.5mm,Experiment_2
Unpolarized_B_Green,C11,25,275,1.0,11.0,-8.5265128291212e-17,6.308125461746578,0.2537953289237885,Day_2,Dark,Fast,2.5mm,Experiment_2
Unpolarized_B_Green,C11,50,300,2.0,12.0,-9.947598300641404e-17,5.986400499305296,-0.0649546536055831,Day_2,Dark,Fast,2.5mm,Experiment_2
Unpolarized_B_Green,C11,75,325,3.0,13.0,7.105427357601002e-18,5.956310579609988,0.0029154850036649,Day_2,Dark,Fast,2.5mm,Experiment_2
Unpolarized_B_Green,C11,100,350,4.0,14.0,1.1368683772161603e-16,6.071567461248185,0.0505073234292356,Day_2,Dark,Fast,2.5mm,Experiment_2
Unpolarized_B_Green,C11,125,375,5.0,15.0,2.913225216616411e-16,6.325877840095408,-0.1151655885308726,Day_2,Dark,Fast,2.5mm,Experiment_2
Unpolarized_B_Green,C11,150,400,6.0,16.0,-2.4158453015843413e-16,6.010489438217345,-0.0795327751829396,Day_2,Dark,Fast,2.5mm,Experiment_2
Unpolarized_B_Green,C11,175,425,7.0,17.0,-3.552713678800501e-17,5.784452458187963,-0.1816488840969003,Day_2,Dark,Fast,2.5mm,Experiment_2
Unpolarized_B_Green,C11,200,450,8.0,18.0,-7.105427357601002e-17,6.161977451247684,-0.1068726673333008,Day_2,Dark,Fast,2.5mm,Experiment_2
Unpolarized_B_Green,C11,225,475,9.0,19.0,0.0,5.972865895712064,-0.3557315848696598,Day_2,Dark,Fast,2.5mm,Experiment_2
Unpolarized_B_Green,C11,250,500,10.0,20.0,1.8474111129762604e-16,5.779206170693698,-0.3353665295586072,Day_2,Dark,Fast,2.5mm,Experiment_2
Unpolarized_B_Green,C11,275,525,11.0,21.0,1.1723955140041654e-16,4.971367967123487,-0.2300160028799993,Day_2,Dark,Fast,2.5mm,Experiment_2
Unpolarized_B_Green,C11,300,550,12.0,22.0,-5.861977570020827e-17,6.011569618339327,-0.4996730528941223,Day_2,Dark,Fast,2.5mm,Experiment_2
Unpolarized_B_Green,C11,325,575,13.0,23.0,-2.842170943040401e-17,5.979782883362822,-0.2743461630814873,Day_2,Dark,Fast,2.5mm,Experiment_2
Unpolarized_B_Green,C11,350,600,14.0,24.0,8.5265128291212e-17,5.870102181313933,-0.2764595560233609,Day_2,Dark,Fast,2.5mm,Experiment_2
Unpolarized_B_Green,C11,375,625,15.0,25.0,-1.1368683772161603e-16,5.190709819119771,-0.1607337701505966,Day_2,Dark,Fast,2.5mm,Experiment_2
Unpolarized_B_Green,C11,400,650,16.0,26.0,2.842170943040401e-17,5.3907996048684215,-0.1064991423647852,Day_2,Dark,Fast,2.5mm,Experiment_2
Unpolarized_B_Green,C11,425,675,17.0,27.0,8.5265128291212e-17,6.016872176706242,-0.152191823384418,Day_2,Dark,Fast,2.5mm,Experiment_2
Unpolarized_B_Green,C11,450,700,18.0,28.0,2.131628207280301e-17,5.985366901979974,-0.1798133550447881,Day_2,Dark,Fast,2.5mm,Experiment_2
Unpolarized_B_Green,C11,475,725,19.0,29.0,-1.4210854715202004e-17,6.871596491464997,-0.1145176237109414,Day_2,Dark,Fast,2.5mm,Experiment_2
Unpolarized_B_Green,C11,500,750,20.0,30.0,0.0,5.963174908975423,-0.0704722216807632,Day_2,Dark,Fast,2.5mm,Experiment_2
Unpolarized_B_Green,C11,525,775,21.0,31.0,-4.973799150320702e-17,5.456978835703927,0.0540270169374805,Day_2,Dark,Fast,2.5mm,Experiment_2
Unpolarized_B_Green,C11,550,800,22.0,32.0,-1.8474111129762604e-16,5.462086668229974,0.0200240896148758,Day_2,Dark,Fast,2.5mm,Experiment_2
Unpolarized_B_Green,C11,575,825,23.0,33.0,-1.1368683772161603e-16,4.883881980683243,0.1387359306933202,Day_2,Dark,Fast,2.5mm,Experiment_2
Unpolarized_B_Green,C11,600,850,24.0,34.0,2.486899575160351e-17,5.454631573503274,0.3671177660123236,Day_2,Dark,Fast,2.5mm,Experiment_2
Unpolarized_B_Green,C11,625,875,25.0,35.0,-1.4210854715202004e-17,5.605961843338015,-0.0883779322984652,Day_2,Dark,Fast,2.5mm,Experiment_2
Unpolarized_B_Green,C11,650,900,26.0,36.0,-1.0302869668521452e-16,5.1741348277590005,-0.0727818920477631,Day_2,Dark,Fast,2.5mm,Experiment_2
Unpolarized_B_Green,C11,675,925,27.0,37.0,-2.842170943040401e-17,5.425539357321835,-0.1407479790537692,Day_2,Dark,Fast,2.5mm,Experiment_2
Unpolarized_B_Green,C11,700,950,28.0,38.0,7.105427357601002e-18,4.829632524643895,-0.2166400672486564,Day_2,Dark,Fast,2.5mm,Experiment_2
Unpolarized_B_Green,C11,725,975,29.0,39.0,-6.394884621840901e-17,4.964979770933348,-0.1539205946015676,Day_2,Dark,Fast,2.5mm,Experiment_2
Unpolarized_B_Green,C11,750,1000,30.0,40.0,-4.263256414560601e-16,5.7138505586279775,0.1801575359448358,Day_2,Dark,Fast,2.5mm,Experiment_2
Unpolarized_B_Green,C11,775,1025,31.0,41.0,-5.684341886080802e-17,5.8002221102732054,0.135010987983676,Day_2,Dark,Fast,2.5mm,Experiment_2
Unpolarized_B_Green,C11,800,1050,32.0,42.0,-9.947598300641404e-17,5.3039602592918405,-0.0932719799516864,Day_2,Dark,Fast,2.5mm,Experiment_2
Unpolarized_B_Green,C11,825,1075,33.0,43.0,5.684341886080802e-17,5.480744622430523,0.1147475334067936,Day_2,Dark,Fast,2.5mm,Experiment_2
Unpolarized_B_Green,C11,850,1100,34.0,44.0,-2.0605739337042904e-16,7.016287164680116,-0.5268661378411206,Day_2,Dark,Fast,2.5mm,Experiment_2
Unpolarized_B_Green,C11,875,1125,35.0,45.0,2.842170943040401e-17,5.896772695595259,0.1491579360629039,Day_2,Dark,Fast,2.5mm,Experiment_2
Unpolarized_B_Green,C11,900,1150,36.0,46.0,1.70530256582424e-16,5.948482899963778,0.1630723452596609,Day_2,Dark,Fast,2.5mm,Experiment_2
Unpolarized_B_Green,C11,925,1175,37.0,47.0,-7.37188088351104e-17,5.784501083407913,0.1911068070219559,Day_2,Dark,Fast,2.5mm,Experiment_2
Unpolarized_B_Green,C11,950,1200,38.0,48.0,-7.105427357601002e-18,5.930493920100527,0.1835562156655031,Day_2,Dark,Fast,2.5mm,Experiment_2
Unpolarized_B_Green,C11,975,1225,39.0,49.0,-7.105427357601002e-17,5.746425804511031,0.3184248165729646,Day_2,Dark,Fast,2.5mm,Experiment_2
Unpolarized_B_Green,C11,1000,1250,40.0,50.0,2.842170943040401e-17,5.931415931149482,0.0628052270536747,Day_2,Dark,Fast,2.5mm,Experiment_2
Unpolarized_B_Green,C11,1025,1275,41.0,51.0,-8.171241461241152e-17,5.504404914023392,0.118683483981845,Day_2,Dark,Fast,2.5mm,Experiment_2
Unpolarized_B_Green,C11,1050,1300,42.0,52.0,-5.684341886080802e-17,5.630356257330367,0.2643882594940413,Day_2,Dark,Fast,2.5mm,Experiment_2
Unpolarized_B_Green,C11,1075,1325,43.0,53.0,8.5265128291212e-17,5.64833805778245,-0.0521272840346069,Day_2,Dark,Fast,2.5mm,Experiment_2
Unpolarized_B_Green,C11,1100,1350,44.0,54.0,-1.4210854715202004e-17,4.945570909116236,-0.1454096964173575,Day_2,Dark,Fast,2.5mm,Experiment_2
Unpolarized_B_Green,C11,1125,1375,45.0,55.0,7.105427357601002e-18,4.596521760476461,-0.0856628532341625,Day_2,Dark,Fast,2.5mm,Experiment_2
Unpolarized_B_Green,C11,1150,1400,46.0,56.0,-1.4210854715202004e-17,4.490294030292749,-0.1592013268487168,Day_2,Dark,Fast,2.5mm,Experiment_2
Unpolarized_B_Green,C11,1175,1425,47.0,57.0,-1.4210854715202004e-17,4.587899389981746,-0.069750667665157,Day_2,Dark,Fast,2.5mm,Experiment_2
Unpolarized_B_Green,C11,1200,1450,48.0,58.0,1.7763568394002505e-17,5.067460408929208,-0.1333690889839687,Day_2,Dark,Fast,2.5mm,Experiment_2
Unpolarized_B_Green,C11,1225,1475,49.0,59.0,-1.1368683772161603e-16,5.003132654540858,-0.1858091568587873,Day_2,Dark,Fast,2.5mm,Experiment_2
Unpolarized_B_Green,C11,1250,1500,50.0,60.0,8.5265128291212e-17,4.7736314900507555,-0.2307866526948798,Day_2,Dark,Fast,2.5mm,Experiment_2
Unpolarized_B_Green,C11,1275,1525,51.0,61.0,-4.263256414560601e-17,4.825332291045768,-0.301959992244701,Day_2,Dark,Fast,2.5mm,Experiment_2
Unpolarized_B_Green,C11,1300,1550,52.0,62.0,-9.947598300641404e-17,5.949070369471869,-0.5983426095673234,Day_2,Dark,Fast,2.5mm,Experiment_2
Unpolarized_B_Green,C11,1325,1575,53.0,63.0,-5.684341886080802e-17,6.480798017813517,-0.1168991744332813,Day_2,Dark,Fast,2.5mm,Experiment_2
Unpolarized_B_Green,C11,1350,1600,54.0,64.0,-4.973799150320702e-17,5.630776663612086,-0.1121838153924408,Day_2,Dark,Fast,2.5mm,Experiment_2
Unpolarized_B_Green,C11,1375,1625,55.0,65.0,-4.263256414560601e-17,5.793286534316113,-0.0973810724987448,Day_2,Dark,Fast,2.5mm,Experiment_2
Unpolarized_B_Green,C11,1400,1650,56.0,66.0,-1.1191048088221578e-16,5.494041917670749,-0.2345040748712205,Day_2,Dark,Fast,2.5mm,Experiment_2
Unpolarized_B_Red,C8,0,250,0.0,10.0,1.4210854715202004e-16,4.709899392064313,0.2851037009111877,Day_2,Dark,Fast,2.5mm,Experiment_2
Unpolarized_B_Red,C8,25,275,1.0,11.0,2.7000623958883806e-16,5.4190978159840295,-0.447393158725213,Day_2,Dark,Fast,2.5mm,Experiment_2
Unpolarized_B_Red,C8,50,300,2.0,12.0,0.0,4.564010191560611,0.108530939817885,Day_2,Dark,Fast,2.5mm,Experiment_2
Unpolarized_B_Red,C8,75,325,3.0,13.0,1.0302869668521452e-16,4.646269698094223,0.1902164657663201,Day_2,Dark,Fast,2.5mm,Experiment_2
Unpolarized_B_Red,C8,100,350,4.0,14.0,-8.5265128291212e-17,5.31673854203522,0.0181069661521762,Day_2,Dark,Fast,2.5mm,Experiment_2
Unpolarized_B_Red,C8,125,375,5.0,15.0,5.684341886080802e-17,5.004844879677132,0.1036581940230934,Day_2,Dark,Fast,2.5mm,Experiment_2
Unpolarized_B_Red,C8,150,400,6.0,16.0,-1.1368683772161603e-16,5.654114413279135,0.1619515822095266,Day_2,Dark,Fast,2.5mm,Experiment_2
Unpolarized_B_Red,C8,175,425,7.0,17.0,-2.131628207280301e-17,7.019775047760738,0.4929412918291563,Day_2,Dark,Fast,2.5mm,Experiment_2
Unpolarized_B_Red,C8,200,450,8.0,18.0,-1.6342482922482304e-16,7.303516017148071,0.3881825324634828,Day_2,Dark,Fast,2.5mm,Experiment_2
Unpolarized_B_Red,C8,225,475,9.0,19.0,1.70530256582424e-16,7.226744445672701,0.4082961583589335,Day_2,Dark,Fast,2.5mm,Experiment_2
Unpolarized_B_Red,C8,250,500,10.0,20.0,-1.5631940186722203e-16,6.905561903464355,0.4154384753954826,Day_2,Dark,Fast,2.5mm,Experiment_2
Unpolarized_B_Red,C8,275,525,11.0,21.0,0.0,6.981359640756647,0.4135128528819902,Day_2,Dark,Fast,2.5mm,Experiment_2
Unpolarized_B_Red,C8,300,550,12.0,22.0,1.4210854715202004e-16,8.245097426319333,0.3508989023659361,Day_2,Dark,Fast,2.5mm,Experiment_2
Unpolarized_B_Red,C8,325,575,13.0,23.0,8.5265128291212e-17,8.264434969218968,0.275065084932365,Day_2,Dark,Fast,2.5mm,Experiment_2
Unpolarized_B_Red,C8,350,600,14.0,24.0,1.06581410364015e-16,8.002442533465832,0.2987186733850019,Day_2,Dark,Fast,2.5mm,Experiment_2
Unpolarized_B_Red,C8,375,625,15.0,25.0,4.618527782440651e-16,8.00882914452486,0.2485141380586439,Day_2,Dark,Fast,2.5mm,Experiment_2
Unpolarized_B_Red,C8,400,650,16.0,26.0,-5.684341886080802e-17,8.321517863333128,0.4612552802905859,Day_2,Dark,Fast,2.5mm,Experiment_2
Unpolarized_B_Red,C8,425,675,17.0,27.0,0.0,7.5486510975325345,-0.1600070568554727,Day_2,Dark,Fast,2.5mm,Experiment_2
Unpolarized_B_Red,C8,450,700,18.0,28.0,3.410605131648481e-16,8.47928750639753,0.1212145673646066,Day_2,Dark,Fast,2.5mm,Experiment_2
Unpolarized_B_Red,C8,475,725,19.0,29.0,2.131628207280301e-17,9.441110249977578,-0.0696762528615733,Day_2,Dark,Fast,2.5mm,Experiment_2
Unpolarized_B_Red,C8,500,750,20.0,30.0,3.410605131648481e-16,8.660517792114087,0.0191025869311964,Day_2,Dark,Fast,2.5mm,Experiment_2
Unpolarized_B_Red,C8,525,775,21.0,31.0,5.684341886080802e-17,8.898822881732425,0.030439519190328,Day_2,Dark,Fast,2.5mm,Experiment_2
Unpolarized_B_Red,C8,550,800,22.0,32.0,0.0,7.964051365686734,0.0415404984476537,Day_2,Dark,Fast,2.5mm,Experiment_2
Unpolarized_B_Red,C8,575,825,23.0,33.0,1.70530256582424e-16,7.704765396389114,0.0696494034022217,Day_2,Dark,Fast,2.5mm,Experiment_2
Unpolarized_B_Red,C8,600,850,24.0,34.0,2.2737367544323206e-16,7.318253575956975,0.0574850401626493,Day_2,Dark,Fast,2.5mm,Experiment_2
Unpolarized_B_Red,C8,625,875,25.0,35.0,-8.5265128291212e-17,7.852491225512669,-0.0063272124028342,Day_2,Dark,Fast,2.5mm,Experiment_2
Unpolarized_B_Red,C8,650,900,26.0,36.0,2.842170943040401e-17,7.824051374224906,0.1288814158651741,Day_2,Dark,Fast,2.5mm,Experiment_2
Unpolarized_B_Red,C8,675,925,27.0,37.0,7.105427357601002e-17,7.367316908767686,0.7155721041367419,Day_2,Dark,Fast,2.5mm,Experiment_2
Unpolarized_B_Red,C8,700,950,28.0,38.0,3.410605131648481e-16,6.363853758942654,0.5250843876757522,Day_2,Dark,Fast,2.5mm,Experiment_2
Unpolarized_B_Red,C8,725,975,29.0,39.0,9.947598300641404e-17,5.425192264407355,0.1254904115896125,Day_2,Dark,Fast,2.5mm,Experiment_2
Unpolarized_B_Red,C8,750,1000,30.0,40.0,0.0,5.127013537352767,-0.0099949213061394,Day_2,Dark,Fast,2.5mm,Experiment_2
Unpolarized_B_Red,C8,775,1025,31.0,41.0,5.684341886080802e-17,5.412185600778342,0.2127796351187445,Day_2,Dark,Fast,2.5mm,Experiment_2
Unpolarized_B_Red,C8,800,1050,32.0,42.0,-5.5067062021407764e-17,5.234298470360756,0.3433035703183659,Day_2,Dark,Fast,2.5mm,Experiment_2
Unpolarized_B_Red,C8,825,1075,33.0,43.0,-5.684341886080802e-17,5.55156748220552,0.3150056595818429,Day_2,Dark,Fast,2.5mm,Experiment_2
Unpolarized_B_Red,C8,850,1100,34.0,44.0,-5.115907697472721e-16,6.395831911678108,0.9720528593923402,Day_2,Dark,Fast,2.5mm,Experiment_2
Unpolarized_B_Red,C8,875,1125,35.0,45.0,5.684341886080802e-17,4.680557039104345,0.2337020358697999,Day_2,Dark,Fast,2.5mm,Experiment_2
Unpolarized_B_Red,C8,900,1150,36.0,46.0,-3.2684965844964613e-16,5.435655463460852,0.7373813647393946,Day_2,Dark,Fast,2.5mm,Experiment_2
Unpolarized_B_Red,C8,925,1175,37.0,47.0,-7.815970093361102e-17,4.046544085814795,0.1598976466686776,Day_2,Dark,Fast,2.5mm,Experiment_2
Unpolarized_B_Red,C8,950,1200,38.0,48.0,1.4210854715202004e-17,4.171247131535722,0.2771451518204582,Day_2,Dark,Fast,2.5mm,Experiment_2
Unpolarized_B_Red,C8,975,1225,39.0,49.0,-1.9895196601282808e-16,5.726361364333522,-0.6129343567758246,Day_2,Dark,Fast,2.5mm,Experiment_2
Unpolarized_B_Red,C8,1000,1250,40.0,50.0,-2.984279490192421e-16,5.935729674026706,-0.4918188485429362,Day_2,Dark,Fast,2.5mm,Experiment_2
Unpolarized_B_Red,C8,1025,1275,41.0,51.0,-3.6948222259525213e-16,5.837540261612949,-0.3907606870238056,Day_2,Dark,Fast,2.5mm,Experiment_2
Unpolarized_B_Red,C8,1050,1300,42.0,52.0,-9.592326932761351e-17,6.024478215899219,-0.5420184610224542,Day_2,Dark,Fast,2.5mm,Experiment_2
Unpolarized_B_Red,C8,1075,1325,43.0,53.0,-2.2026824808563103e-16,6.0923706931383546,-0.5568465187424607,Day_2,Dark,Fast,2.5mm,Experiment_2
Unpolarized_B_Red,C8,1100,1350,44.0,54.0,-1.70530256582424e-16,6.039955586136693,-0.4635699227026423,Day_2,Dark,Fast,2.5mm,Experiment_2
Unpolarized_B_Red,C8,1125,1375,45.0,55.0,-1.8474111129762604e-16,6.848587440679314,-0.2119869806147879,Day_2,Dark,Fast,2.5mm,Experiment_2
Unpolarized_B_Red,C8,1150,1400,46.0,56.0,2.842170943040401e-17,7.361214097886612,-0.1366970018572523,Day_2,Dark,Fast,2.5mm,Experiment_2
Unpolarized_B_Red,C8,1175,1425,47.0,57.0,-2.842170943040401e-17,7.910968845038369,-0.0166794939318496,Day_2,Dark,Fast,2.5mm,Experiment_2
Unpolarized_B_Red,C8,1200,1450,48.0,58.0,1.1368683772161603e-16,8.060871250932719,0.1848221419593846,Day_2,Dark,Fast,2.5mm,Experiment_2
Unpolarized_B_Red,C8,1225,1475,49.0,59.0,-8.5265128291212e-17,6.76155689774426,0.247365415362905,Day_2,Dark,Fast,2.5mm,Experiment_2
Unpolarized_B_Red,C8,1250,1500,50.0,60.0,1.4210854715202004e-16,6.441880982127728,0.2843400828183381,Day_2,Dark,Fast,2.5mm,Experiment_2
Unpolarized_B_Red,C8,1275,1525,51.0,61.0,-8.5265128291212e-17,7.358293080790321,0.088411984428834,Day_2,Dark,Fast,2.5mm,Experiment_2
Unpolarized_B_Red,C8,1300,1550,52.0,62.0,1.4210854715202004e-17,7.185122295391125,0.0782103561773516,Day_2,Dark,Fast,2.5mm,Experiment_2
Unpolarized_B_Red,C8,1325,1575,53.0,63.0,3.1263880373444406e-16,7.226372689995257,0.2698574938329639,Day_2,Dark,Fast,2.5mm,Experiment_2
Unpolarized_B_Red,C8,1350,1600,54.0,64.0,2.842170943040401e-17,6.458768174086968,-0.1864681123636114,Day_2,Dark,Fast,2.5mm,Experiment_2
Unpolarized_B_Red,C8,1375,1625,55.0,65.0,-4.2632564145606006e-17,6.179581325645585,-0.1366096530655501,Day_2,Dark,Fast,2.5mm,Experiment_2
Unpolarized_B_Red,C8,1400,1650,56.0,66.0,8.5265128291212e-17,5.77101352335058,-0.4259353629530433,Day_2,Dark,Fast,2.5mm,Experiment_2
Unpolarized_B_IR,C10,0,250,0.0,10.0,5.684341886080802e-17,5.936259154310026,0.0849402882164748,Day_2,Dark,Fast,2.5mm,Experiment_2
Unpolarized_B_IR,C10,25,275,1.0,11.0,-1.4210854715202004e-16,6.21745563220272,-0.1248659271674221,Day_2,Dark,Fast,2.5mm,Experiment_2
Unpolarized_B_IR,C10,50,300,2.0,12.0,-4.263256414560601e-17,5.51918793817161,-0.1483746594364473,Day_2,Dark,Fast,2.5mm,Experiment_2
Unpolarized_B_IR,C10,75,325,3.0,13.0,2.131628207280301e-17,5.391360079664106,-0.1275837433820328,Day_2,Dark,Fast,2.5mm,Experiment_2
Unpolarized_B_IR,C10,100,350,4.0,14.0,4.263256414560601e-17,5.217954581946854,-0.2071794793282081,Day_2,Dark,Fast,2.5mm,Experiment_2
Unpolarized_B_IR,C10,125,375,5.0,15.0,2.3092638912203257e-16,5.015824865807467,-0.1274038374164502,Day_2,Dark,Fast,2.5mm,Experiment_2
Unpolarized_B_IR,C10,150,400,6.0,16.0,-1.7763568394002505e-17,5.466984136520863,-0.193555412452714,Day_2,Dark,Fast,2.5mm,Experiment_2
Unpolarized_B_IR,C10,175,425,7.0,17.0,1.9895196601282808e-16,5.643437182656804,0.4194611369019981,Day_2,Dark,Fast,2.5mm,Experiment_2
Unpolarized_B_IR,C10,200,450,8.0,18.0,-1.8474111129762604e-16,5.479090290086278,0.1156849901713535,Day_2,Dark,Fast,2.5mm,Experiment_2
Unpolarized_B_IR,C10,225,475,9.0,19.0,0.0,7.663041266954888,-1.327864038559728,Day_2,Dark,Fast,2.5mm,Experiment_2
Unpolarized_B_IR,C10,250,500,10.0,20.0,2.842170943040401e-17,4.917281506252905,0.0163878641671836,Day_2,Dark,Fast,2.5mm,Experiment_2
Unpolarized_B_IR,C10,275,525,11.0,21.0,-1.2079226507921704e-16,5.099434770592727,0.2804484926783847,Day_2,Dark,Fast,2.5mm,Experiment_2
Unpolarized_B_IR,C10,300,550,12.0,22.0,-6.394884621840901e-17,4.483993275390561,0.1320113268021138,Day_2,Dark,Fast,2.5mm,Experiment_2
Unpolarized_B_IR,C10,325,575,13.0,23.0,-1.0658141036401505e-17,4.620206349813829,0.069241664991644,Day_2,Dark,Fast,2.5mm,Experiment_2
Unpolarized_B_IR,C10,350,600,14.0,24.0,-7.105427357601002e-17,4.69275654190071,-0.013334575390424,Day_2,Dark,Fast,2.5mm,Experiment_2
Unpolarized_B_IR,C10,375,625,15.0,25.0,8.171241461241152e-17,5.049562457790544,0.183175446997424,Day_2,Dark,Fast,2.5mm,Experiment_2
Unpolarized_B_IR,C10,400,650,16.0,26.0,6.394884621840901e-17,5.984397513351402,0.1715413961228773,Day_2,Dark,Fast,2.5mm,Experiment_2
Unpolarized_B_IR,C10,425,675,17.0,27.0,3.552713678800501e-17,5.200719725278688,0.359624288042331,Day_2,Dark,Fast,2.5mm,Experiment_2
Unpolarized_B_IR,C10,450,700,18.0,28.0,-2.842170943040401e-17,6.1138297459727955,0.0300650355519802,Day_2,Dark,Fast,2.5mm,Experiment_2
Unpolarized_B_IR,C10,475,725,19.0,29.0,1.06581410364015e-16,5.502715157882533,-0.1045919908551084,Day_2,Dark,Fast,2.5mm,Experiment_2
Unpolarized_B_IR,C10,500,750,20.0,30.0,-8.881784197001253e-17,5.565034985933304,-0.0092405244804312,Day_2,Dark,Fast,2.5mm,Experiment_2
Unpolarized_B_IR,C10,525,775,21.0,31.0,-1.8474111129762604e-16,5.803013111348815,-0.088736166112833,Day_2,Dark,Fast,2.5mm,Experiment_2
Unpolarized_B_IR,C10,550,800,22.0,32.0,1.1368683772161603e-16,6.428439555927874,0.2999580967981212,Day_2,Dark,Fast,2.5mm,Experiment_2
Unpolarized_B_IR,C10,575,825,23.0,33.0,4.973799150320702e-17,6.020355057584889,0.0991245061877989,Day_2,Dark,Fast,2.5mm,Experiment_2
Unpolarized_B_IR,C10,600,850,24.0,34.0,0.0,5.798830526120385,-0.0531014984457206,Day_2,Dark,Fast,2.5mm,Experiment_2
Unpolarized_B_IR,C10,625,875,25.0,35.0,7.105427357601002e-18,6.336821950063597,0.3828363808444699,Day_2,Dark,Fast,2.5mm,Experiment_2
Unpolarized_B_IR,C10,650,900,26.0,36.0,-8.5265128291212e-17,6.080591113699989,0.0391235149109212,Day_2,Dark,Fast,2.5mm,Experiment_2
Unpolarized_B_IR,C10,675,925,27.0,37.0,1.70530256582424e-16,6.426797373852885,0.0710424821401558,Day_2,Dark,Fast,2.5mm,Experiment_2
Unpolarized_B_IR,C10,700,950,28.0,38.0,1.4210854715202004e-17,5.92573921394401,-0.1980749010419766,Day_2,Dark,Fast,2.5mm,Experiment_2
Unpolarized_B_IR,C10,725,975,29.0,39.0,1.4210854715202004e-17,7.015498945941732,-0.611151405361997,Day_2,Dark,Fast,2.5mm,Experiment_2
Unpolarized_B_IR,C10,750,1000,30.0,40.0,-1.06581410364015e-16,7.655939139048959,0.2396648226536375,Day_2,Dark,Fast,2.5mm,Experiment_2
Unpolarized_B_IR,C10,775,1025,31.0,41.0,1.4210854715202004e-16,6.159839318259853,-0.2336915382367466,Day_2,Dark,Fast,2.5mm,Experiment_2
Unpolarized_B_IR,C10,800,1050,32.0,42.0,1.1368683772161603e-16,5.697956445631802,-0.2846285170773542,Day_2,Dark,Fast,2.5mm,Experiment_2
Unpolarized_B_IR,C10,825,1075,33.0,43.0,7.283063041541027e-17,5.635846311124761,-0.2728568610460951,Day_2,Dark,Fast,2.5mm,Experiment_2
Unpolarized_B_IR,C10,850,1100,34.0,44.0,1.5631940186722203e-16,6.041475850897072,-0.2292530877418957,Day_2,Dark,Fast,2.5mm,Experiment_2
Unpolarized_B_IR,C10,875,1125,35.0,45.0,-1.9895196601282808e-16,5.954206364250906,-0.5275462288337197,Day_2,Dark,Fast,2.5mm,Experiment_2
Unpolarized_B_IR,C10,900,1150,36.0,46.0,1.70530256582424e-16,6.988196094620605,0.3724385730391175,Day_2,Dark,Fast,2.5mm,Experiment_2
Unpolarized_B_IR,C10,925,1175,37.0,47.0,1.8474111129762604e-16,5.489952671353636,0.0634859250132387,Day_2,Dark,Fast,2.5mm,Experiment_2
Unpolarized_B_IR,C10,950,1200,38.0,48.0,-7.105427357601002e-17,5.4884897130402965,-0.0305179375017484,Day_2,Dark,Fast,2.5mm,Experiment_2
Unpolarized_B_IR,C10,975,1225,39.0,49.0,6.394884621840901e-17,5.454618974283548,-0.0906882212830302,Day_2,Dark,Fast,2.5mm,Experiment_2
Unpolarized_B_IR,C10,1000,1250,40.0,50.0,3.215205879314453e-16,5.921628426091167,0.3417685056140753,Day_2,Dark,Fast,2.5mm,Experiment_2
Unpolarized_B_IR,C10,1025,1275,41.0,51.0,-2.842170943040401e-17,5.0513921104422925,-0.0185907788636687,Day_2,Dark,Fast,2.5mm,Experiment_2
Unpolarized_B_IR,C10,1050,1300,42.0,52.0,1.8474111129762604e-16,5.12174953677675,-0.2916539538059932,Day_2,Dark,Fast,2.5mm,Experiment_2
Unpolarized_B_IR,C10,1075,1325,43.0,53.0,1.3500311979441903e-16,5.066057609993327,-0.2376869254051982,Day_2,Dark,Fast,2.5mm,Experiment_2
Unpolarized_B_IR,C10,1100,1350,44.0,54.0,-5.684341886080802e-17,4.850803029127097,0.0778018078709794,Day_2,Dark,Fast,2.5mm,Experiment_2
Unpolarized_B_IR,C10,1125,1375,45.0,55.0,-1.9895196601282808e-16,4.535362492847995,-0.2763577103353812,Day_2,Dark,Fast,2.5mm,Experiment_2
Unpolarized_B_IR,C10,1150,1400,46.0,56.0,-4.263256414560601e-17,4.826205498628646,-0.3007914172451587,Day_2,Dark,Fast,2.5mm,Experiment_2
Unpolarized_B_IR,C10,1175,1425,47.0,57.0,-2.842170943040401e-17,4.108416442158051,0.0999160278259596,Day_2,Dark,Fast,2.5mm,Experiment_2
Unpolarized_B_IR,C10,1200,1450,48.0,58.0,1.4921397450962102e-16,4.70944150475897,-0.2775377426374553,Day_2,Dark,Fast,2.5mm,Experiment_2
Unpolarized_B_IR,C10,1225,1475,49.0,59.0,2.842170943040401e-17,4.981257669928119,-0.2677634941324421,Day_2,Dark,Fast,2.5mm,Experiment_2
Unpolarized_B_IR,C10,1250,1500,50.0,60.0,-3.6948222259525213e-16,4.9150625232527645,-0.053208425624739,Day_2,Dark,Fast,2.5mm,Experiment_2
Unpolarized_B_IR,C10,1275,1525,51.0,61.0,-1.1368683772161603e-16,4.788215358549298,-0.2526429805933919,Day_2,Dark,Fast,2.5mm,Experiment_2
Unpolarized_B_IR,C10,1300,1550,52.0,62.0,9.947598300641404e-17,4.963998129774332,-0.1463819240720038,Day_2,Dark,Fast,2.5mm,Experiment_2
Unpolarized_B_IR,C10,1325,1575,53.0,63.0,2.842170943040401e-17,5.786091446017204,0.5624739012012567,Day_2,Dark,Fast,2.5mm,Experiment_2
Unpolarized_B_IR,C10,1350,1600,54.0,64.0,-4.973799150320702e-17,4.992186768404698,-0.0434753310026214,Day_2,Dark,Fast,2.5mm,Experiment_2
Unpolarized_B_IR,C10,1375,1625,55.0,65.0,2.1671553440683055e-16,5.54451827680575,-0.2488003309715827,Day_2,Dark,Fast,2.5mm,Experiment_2
Unpolarized_B_IR,C10,1400,1650,56.0,66.0,1.6342482922482304e-16,5.204836947910272,-0.0062372610304035,Day_2,Dark,Fast,2.5mm,Experiment_2
Co-Polarized_Green,C13,0,250,0.0,10.0,-2.5579538487363605e-16,12.590325081033273,-0.0141091848981735,Day_2,Dark,Fast,2.5mm,Experiment_2
Co-Polarized_Green,C13,25,275,1.0,11.0,3.410605131648481e-16,11.72902870892776,-0.0489848787664121,Day_2,Dark,Fast,2.5mm,Experiment_2
Co-Polarized_Green,C13,50,300,2.0,12.0,2.842170943040401e-17,11.552566038920205,-0.171663589790192,Day_2,Dark,Fast,2.5mm,Experiment_2
Co-Polarized_Green,C13,75,325,3.0,13.0,-1.9895196601282808e-16,11.582430934064242,-0.1391129229783279,Day_2,Dark,Fast,2.5mm,Experiment_2
Co-Polarized_Green,C13,100,350,4.0,14.0,-2.3803181647963363e-16,11.418864338382368,-0.1226839349885051,Day_2,Dark,Fast,2.5mm,Experiment_2
Co-Polarized_Green,C13,125,375,5.0,15.0,-2.842170943040401e-17,12.368864343236568,-0.1551049812085393,Day_2,Dark,Fast,2.5mm,Experiment_2
Co-Polarized_Green,C13,150,400,6.0,16.0,1.4210854715202004e-17,11.42388678305711,0.0996345012552761,Day_2,Dark,Fast,2.5mm,Experiment_2
Co-Polarized_Green,C13,175,425,7.0,17.0,5.400124791776761e-16,13.784267915867083,0.7559314795679538,Day_2,Dark,Fast,2.5mm,Experiment_2
Co-Polarized_Green,C13,200,450,8.0,18.0,-1.8474111129762604e-16,11.675598084993773,-0.1449692259255112,Day_2,Dark,Fast,2.5mm,Experiment_2
Co-Polarized_Green,C13,225,475,9.0,19.0,1.1368683772161603e-16,11.584385269914744,0.0016594689722577,Day_2,Dark,Fast,2.5mm,Experiment_2
Co-Polarized_Green,C13,250,500,10.0,20.0,2.842170943040401e-17,11.365766126030836,0.0077937117544307,Day_2,Dark,Fast,2.5mm,Experiment_2
Co-Polarized_Green,C13,275,525,11.0,21.0,-1.1368683772161603e-16,11.359376955298856,0.1180761948541542,Day_2,Dark,Fast,2.5mm,Experiment_2
Co-Polarized_Green,C13,300,550,12.0,22.0,8.5265128291212e-17,12.209963174799794,-0.0269301063016535,Day_2,Dark,Fast,2.5mm,Experiment_2
Co-Polarized_Green,C13,325,575,13.0,23.0,-1.70530256582424e-16,12.183955781445173,0.0381648492294718,Day_2,Dark,Fast,2.5mm,Experiment_2
Co-Polarized_Green,C13,350,600,14.0,24.0,1.9895196601282808e-16,12.703060279631002,0.0751386109024958,Day_2,Dark,Fast,2.5mm,Experiment_2
Co-Polarized_Green,C13,375,625,15.0,25.0,2.842170943040401e-17,11.725044260413323,-0.1080810794319151,Day_2,Dark,Fast,2.5mm,Experiment_2
Co-Polarized_Green,C13,400,650,16.0,26.0,-1.70530256582424e-16,13.586041501392586,0.3018806295137067,Day_2,Dark,Fast,2.5mm,Experiment_2
Co-Polarized_Green,C13,425,675,17.0,27.0,1.9895196601282808e-16,11.58200846412782,-0.0307733094429146,Day_2,Dark,Fast,2.5mm,Experiment_2
Co-Polarized_Green,C13,450,700,18.0,28.0,2.842170943040401e-17,11.70361997736974,-0.0385016116618745,Day_2,Dark,Fast,2.5mm,Experiment_2
Co-Polarized_Green,C13,475,725,19.0,29.0,2.8421709430404013e-16,11.40650910649519,0.008242731216906,Day_2,Dark,Fast,2.5mm,Experiment_2
Co-Polarized_Green,C13,500,750,20.0,30.0,0.0,11.725390284187826,0.1999354090409791,Day_2,Dark,Fast,2.5mm,Experiment_2
Co-Polarized_Green,C13,525,775,21.0,31.0,-5.684341886080802e-17,10.88448448234684,0.0026606832091436,Day_2,Dark,Fast,2.5mm,Experiment_2
Co-Polarized_Green,C13,550,800,22.0,32.0,-5.684341886080802e-17,10.321224605056056,0.0975863376449343,Day_2,Dark,Fast,2.5mm,Experiment_2
Co-Polarized_Green,C13,575,825,23.0,33.0,2.8421709430404013e-16,10.123748207420816,0.2013972176449631,Day_2,Dark,Fast,2.5mm,Experiment_2
Co-Polarized_Green,C13,600,850,24.0,34.0,-1.1368683772161603e-16,11.14618200442606,0.3197268960608422,Day_2,Dark,Fast,2.5mm,Experiment_2
Co-Polarized_Green,C13,625,875,25.0,35.0,2.1671553440683055e-16,12.279719316475273,0.1319475525156094,Day_2,Dark,Fast,2.5mm,Experiment_2
Co-Polarized_Green,C13,650,900,26.0,36.0,5.400124791776761e-16,12.600129827708734,-0.0170960260346155,Day_2,Dark,Fast,2.5mm,Experiment_2
Co-Polarized_Green,C13,675,925,27.0,37.0,-5.684341886080802e-17,15.215156409373275,0.2991720643837468,Day_2,Dark,Fast,2.5mm,Experiment_2
Co-Polarized_Green,C13,700,950,28.0,38.0,5.684341886080807e-16,13.895392640525989,-0.0001507714444542,Day_2,Dark,Fast,2.5mm,Experiment_2
Co-Polarized_Green,C13,725,975,29.0,39.0,0.0,13.462521689725993,-0.0872022704128926,Day_2,Dark,Fast,2.5mm,Experiment_2
Co-Polarized_Green,C13,750,1000,30.0,40.0,-3.552713678800501e-17,16.37217017912689,0.3323651898744244,Day_2,Dark,Fast,2.5mm,Experiment_2
Co-Polarized_Green,C13,775,1025,31.0,41.0,-5.684341886080807e-16,15.32494405805995,-0.191603841581923,Day_2,Dark,Fast,2.5mm,Experiment_2
Co-Polarized_Green,C13,800,1050,32.0,42.0,2.842170943040401e-17,14.136820097455008,-0.2191241485202807,Day_2,Dark,Fast,2.5mm,Experiment_2
Co-Polarized_Green,C13,825,1075,33.0,43.0,-5.684341886080802e-17,15.148891611315005,0.0417470929533532,Day_2,Dark,Fast,2.5mm,Experiment_2
Co-Polarized_Green,C13,850,1100,34.0,44.0,-1.1368683772161603e-16,13.579336786158745,-0.1398687251467757,Day_2,Dark,Fast,2.5mm,Experiment_2
Co-Polarized_Green,C13,875,1125,35.0,45.0,2.842170943040401e-17,13.1874472438496,-0.1489248006864579,Day_2,Dark,Fast,2.5mm,Experiment_2
Co-Polarized_Green,C13,900,1150,36.0,46.0,5.684341886080802e-17,14.72677531688654,-0.0767095324778735,Day_2,Dark,Fast,2.5mm,Experiment_2
Co-Polarized_Green,C13,925,1175,37.0,47.0,-1.5916157281026244e-15,17.48388489648464,-0.1143494071407992,Day_2,Dark,Fast,2.5mm,Experiment_2
Co-Polarized_Green,C13,950,1200,38.0,48.0,5.684341886080802e-17,15.019532961399106,-0.0827493454645793,Day_2,Dark,Fast,2.5mm,Experiment_2
Co-Polarized_Green,C13,975,1225,39.0,49.0,-1.70530256582424e-16,15.843345756553628,-0.0095026184371263,Day_2,Dark,Fast,2.5mm,Experiment_2
Co-Polarized_Green,C13,1000,1250,40.0,50.0,-1.1368683772161603e-16,16.14031397185838,0.0787769453458593,Day_2,Dark,Fast,2.5mm,Experiment_2
Co-Polarized_Green,C13,1025,1275,41.0,51.0,-1.70530256582424e-16,15.48418154125555,0.0725087983842608,Day_2,Dark,Fast,2.5mm,Experiment_2
Co-Polarized_Green,C13,1050,1300,42.0,52.0,-1.1368683772161603e-16,15.897670326582944,0.1141030936368193,Day_2,Dark,Fast,2.5mm,Experiment_2
Co-Polarized_Green,C13,1075,1325,43.0,53.0,9.094947017729285e-16,18.00192467098491,-0.3228436675767535,Day_2,Dark,Fast,2.5mm,Experiment_2
Co-Polarized_Green,C13,1100,1350,44.0,54.0,1.70530256582424e-16,15.75390125034158,-0.1181087594920501,Day_2,Dark,Fast,2.5mm,Experiment_2
Co-Polarized_Green,C13,1125,1375,45.0,55.0,4.547473508864641e-16,16.00497224290061,-0.1240851739380671,Day_2,Dark,Fast,2.5mm,Experiment_2
Co-Polarized_Green,C13,1150,1400,46.0,56.0,-2.2737367544323206e-16,12.544329411607054,0.1516701599605963,Day_2,Dark,Fast,2.5mm,Experiment_2
Co-Polarized_Green,C13,1175,1425,47.0,57.0,2.842170943040401e-17,11.152456894272,-0.1758142856173766,Day_2,Dark,Fast,2.5mm,Experiment_2
Co-Polarized_Green,C13,1200,1450,48.0,58.0,4.831690603168687e-16,10.461409544122292,0.0454403880833577,Day_2,Dark,Fast,2.5mm,Experiment_2
Co-Polarized_Green,C13,1225,1475,49.0,59.0,8.5265128291212e-17,12.85589177444418,0.1936571860477546,Day_2,Dark,Fast,2.5mm,Experiment_2
Co-Polarized_Green,C13,1250,1500,50.0,60.0,-2.2737367544323206e-16,12.507520724795526,-0.2571760353716402,Day_2,Dark,Fast,2.5mm,Experiment_2
Co-Polarized_Green,C13,1275,1525,51.0,61.0,7.673861546209082e-16,12.607428089357551,-0.1967021678855831,Day_2,Dark,Fast,2.5mm,Experiment_2
Co-Polarized_Green,C13,1300,1550,52.0,62.0,-9.663381206337365e-16,15.40734962828124,-1.2149971296923272,Day_2,Dark,Fast,2.5mm,Experiment_2
Co-Polarized_Green,C13,1325,1575,53.0,63.0,-8.5265128291212e-17,11.600972289055935,-0.3974757142781007,Day_2,Dark,Fast,2.5mm,Experiment_2
Co-Polarized_Green,C13,1350,1600,54.0,64.0,1.70530256582424e-16,11.278880624351824,-0.5295479928722149,Day_2,Dark,Fast,2.5mm,Experiment_2
Co-Polarized_Green,C13,1375,1625,55.0,65.0,0.0,13.157854209453207,-0.3989341744588215,Day_2,Dark,Fast,2.5mm,Experiment_2
Co-Polarized_Green,C13,1400,1650,56.0,66.0,5.684341886080807e-16,12.957299219936814,-0.0893109702115095,Day_2,Dark,Fast,2.5mm,Experiment_2
Co-Polarized_Red,C12,0,250,0.0,10.0,3.637978807091713e-15,169.4348223713698,-0.5037241797315132,Day_2,Dark,Fast,2.5mm,Experiment_2
Co-Polarized_Red,C12,25,275,1.0,11.0,-1.2505552149377765e-15,171.32162556635106,-0.5666974444083269,Day_2,Dark,Fast,2.5mm,Experiment_2
Co-Polarized_Red,C12,50,300,2.0,12.0,-3.183231456205249e-15,100.95691809517696,-1.6369133104933635,Day_2,Dark,Fast,2.5mm,Experiment_2
Co-Polarized_Red,C12,75,325,3.0,13.0,8.5265128291212e-17,13.588002124433858,0.0010823988503225,Day_2,Dark,Fast,2.5mm,Experiment_2
Co-Polarized_Red,C12,100,350,4.0,14.0,-5.684341886080802e-17,14.44087432982974,0.1282343932466407,Day_2,Dark,Fast,2.5mm,Experiment_2
Co-Polarized_Red,C12,125,375,5.0,15.0,7.815970093361102e-16,14.026116922236003,-0.2784663458493528,Day_2,Dark,Fast,2.5mm,Experiment_2
Co-Polarized_Red,C12,150,400,6.0,16.0,-1.4210854715202004e-17,12.008501807231127,0.0969928249856938,Day_2,Dark,Fast,2.5mm,Experiment_2
Co-Polarized_Red,C12,175,425,7.0,17.0,1.4210854715202004e-16,12.098218769374965,0.1153464572786435,Day_2,Dark,Fast,2.5mm,Experiment_2
Co-Polarized_Red,C12,200,450,8.0,18.0,-1.9895196601282808e-16,11.680899912690984,0.158392671454794,Day_2,Dark,Fast,2.5mm,Experiment_2
Co-Polarized_Red,C12,225,475,9.0,19.0,-1.70530256582424e-16,10.204876287410697,-0.2152667151442129,Day_2,Dark,Fast,2.5mm,Experiment_2
Co-Polarized_Red,C12,250,500,10.0,20.0,-2.2737367544323206e-16,9.734349293217209,-0.2249844947859357,Day_2,Dark,Fast,2.5mm,Experiment_2
Co-Polarized_Red,C12,275,525,11.0,21.0,3.410605131648481e-16,10.478682147674728,-0.067518189825743,Day_2,Dark,Fast,2.5mm,Experiment_2
Co-Polarized_Red,C12,300,550,12.0,22.0,-5.684341886080802e-17,10.28782437526637,0.137566660721909,Day_2,Dark,Fast,2.5mm,Experiment_2
Co-Polarized_Red,C12,325,575,13.0,23.0,-2.2737367544323206e-16,9.25352059063605,-0.2862310919650104,Day_2,Dark,Fast,2.5mm,Experiment_2
Co-Polarized_Red,C12,350,600,14.0,24.0,1.2789769243681802e-16,10.009259392806534,-0.4439560328657951,Day_2,Dark,Fast,2.5mm,Experiment_2
Co-Polarized_Red,C12,375,625,15.0,25.0,2.5579538487363605e-16,9.3870715533351,0.0116415650366687,Day_2,Dark,Fast,2.5mm,Experiment_2
Co-Polarized_Red,C12,400,650,16.0,26.0,-7.105427357601002e-17,9.553308239027375,-0.0494657308172821,Day_2,Dark,Fast,2.5mm,Experiment_2
Co-Polarized_Red,C12,425,675,17.0,27.0,-1.5631940186722203e-16,10.614566874720024,0.041388730830564,Day_2,Dark,Fast,2.5mm,Experiment_2
Co-Polarized_Red,C12,450,700,18.0,28.0,1.4210854715202004e-17,10.267181216137962,0.1050241640679138,Day_2,Dark,Fast,2.5mm,Experiment_2
Co-Polarized_Red,C12,475,725,19.0,29.0,-3.410605131648481e-16,10.780818002586336,-0.2142047863932609,Day_2,Dark,Fast,2.5mm,Experiment_2
Co-Polarized_Red,C12,500,750,20.0,30.0,0.0,11.687679285546142,0.1038736075846575,Day_2,Dark,Fast,2.5mm,Experiment_2
Co-Polarized_Red,C12,525,775,21.0,31.0,-7.105427357601002e-17,13.07012186491601,0.2578405627051194,Day_2,Dark,Fast,2.5mm,Experiment_2
Co-Polarized_Red,C12,550,800,22.0,32.0,-5.684341886080802e-17,13.357378650863694,0.3416308741473403,Day_2,Dark,Fast,2.5mm,Experiment_2
Co-Polarized_Red,C12,575,825,23.0,33.0,6.821210263296962e-16,14.679019213192344,0.3008165287072449,Day_2,Dark,Fast,2.5mm,Experiment_2
Co-Polarized_Red,C12,600,850,24.0,34.0,5.684341886080802e-17,14.512962237839378,0.3256349162784472,Day_2,Dark,Fast,2.5mm,Experiment_2
Co-Polarized_Red,C12,625,875,25.0,35.0,-5.115907697472721e-16,15.05919339637418,0.334624219908733,Day_2,Dark,Fast,2.5mm,Experiment_2
Co-Polarized_Red,C12,650,900,26.0,36.0,-1.0516032489249482e-15,18.367204908174617,-0.6358051292380521,Day_2,Dark,Fast,2.5mm,Experiment_2
Co-Polarized_Red,C12,675,925,27.0,37.0,8.5265128291212e-17,14.060232813395483,0.2414309577160612,Day_2,Dark,Fast,2.5mm,Experiment_2
Co-Polarized_Red,C12,700,950,28.0,38.0,8.171241461241152e-17,13.398720039709085,0.5382280068861045,Day_2,Dark,Fast,2.5mm,Experiment_2
Co-Polarized_Red,C12,725,975,29.0,39.0,3.1263880373444406e-16,11.202081751259197,0.0444612047604999,Day_2,Dark,Fast,2.5mm,Experiment_2
Co-Polarized_Red,C12,750,1000,30.0,40.0,-8.100187187665142e-16,12.271220525060617,0.3255083093780331,Day_2,Dark,Fast,2.5mm,Experiment_2
Co-Polarized_Red,C12,775,1025,31.0,41.0,-1.2079226507921704e-16,10.618796724146751,-0.1118145505902516,Day_2,Dark,Fast,2.5mm,Experiment_2
Co-Polarized_Red,C12,800,1050,32.0,42.0,-1.9184653865522702e-16,10.064810962095477,-0.2701860149176433,Day_2,Dark,Fast,2.5mm,Experiment_2
Co-Polarized_Red,C12,825,1075,33.0,43.0,8.5265128291212e-17,12.044711646764323,0.4293111657055503,Day_2,Dark,Fast,2.5mm,Experiment_2
Co-Polarized_Red,C12,850,1100,34.0,44.0,-2.7000623958883806e-16,11.923128329197526,-0.1388683653367106,Day_2,Dark,Fast,2.5mm,Experiment_2
Co-Polarized_Red,C12,875,1125,35.0,45.0,2.4158453015843413e-16,13.41249645733673,-0.2117727567528817,Day_2,Dark,Fast,2.5mm,Experiment_2
Co-Polarized_Red,C12,900,1150,36.0,46.0,1.1368683772161605e-15,16.794636076075935,-1.386321295441557,Day_2,Dark,Fast,2.5mm,Experiment_2
Co-Polarized_Red,C12,925,1175,37.0,47.0,-1.1368683772161603e-16,11.374124681471583,-0.3781571378284507,Day_2,Dark,Fast,2.5mm,Experiment_2
Co-Polarized_Red,C12,950,1200,38.0,48.0,-3.979039320256561e-16,11.868269589192654,-0.3816645794238113,Day_2,Dark,Fast,2.5mm,Experiment_2
Co-Polarized_Red,C12,975,1225,39.0,49.0,-1.9895196601282808e-16,12.913762142751226,-0.0505366906045628,Day_2,Dark,Fast,2.5mm,Experiment_2
Co-Polarized_Red,C12,1000,1250,40.0,50.0,-1.4210854715202004e-16,13.528527575241917,-0.1920537776186585,Day_2,Dark,Fast,2.5mm,Experiment_2
Co-Polarized_Red,C12,1025,1275,41.0,51.0,2.842170943040401e-16,12.466654744835296,-0.2381065097204625,Day_2,Dark,Fast,2.5mm,Experiment_2
Co-Polarized_Red,C12,1050,1300,42.0,52.0,-3.979039320256561e-16,13.999796947969957,-0.2577987840979877,Day_2,Dark,Fast,2.5mm,Experiment_2
Co-Polarized_Red,C12,1075,1325,43.0,53.0,6.252776074688881e-16,10.391522613115876,-0.0763523558309194,Day_2,Dark,Fast,2.5mm,Experiment_2
Co-Polarized_Red,C12,1100,1350,44.0,54.0,1.4210854715202004e-16,10.510671467690296,0.1078743278431162,Day_2,Dark,Fast,2.5mm,Experiment_2
Co-Polarized_Red,C12,1125,1375,45.0,55.0,-1.4210854715202004e-16,11.007892311141124,0.1910838130251712,Day_2,Dark,Fast,2.5mm,Experiment_2
Co-Polarized_Red,C12,1150,1400,46.0,56.0,-1.70530256582424e-16,11.579384418924414,-0.1117718269277237,Day_2,Dark,Fast,2.5mm,Experiment_2
Co-Polarized_Red,C12,1175,1425,47.0,57.0,-2.4158453015843413e-16,12.301158317211762,-0.2516898775708391,Day_2,Dark,Fast,2.5mm,Experiment_2
Co-Polarized_Red,C12,1200,1450,48.0,58.0,6.679101716144942e-16,13.028322116834556,-0.658058130599357,Day_2,Dark,Fast,2.5mm,Experiment_2
Co-Polarized_Red,C12,1225,1475,49.0,59.0,2.5579538487363605e-16,13.930127466163183,-0.0676505242137875,Day_2,Dark,Fast,2.5mm,Experiment_2
Co-Polarized_Red,C12,1250,1500,50.0,60.0,-6.252776074688881e-16,13.94563872251535,-0.4523190409505785,Day_2,Dark,Fast,2.5mm,Experiment_2
Co-Polarized_Red,C12,1275,1525,51.0,61.0,1.1368683772161603e-16,14.59980635365633,-0.1978598120509277,Day_2,Dark,Fast,2.5mm,Experiment_2
Co-Polarized_Red,C12,1300,1550,52.0,62.0,7.389644451905046e-16,15.449499582783668,-0.543816153996054,Day_2,Dark,Fast,2.5mm,Experiment_2
Co-Polarized_Red,C12,1325,1575,53.0,63.0,-5.684341886080802e-17,15.81162457113918,-0.4735638649271779,Day_2,Dark,Fast,2.5mm,Experiment_2
Co-Polarized_Red,C12,1350,1600,54.0,64.0,-1.0729195309977512e-15,15.217415212606827,-0.0381812756619234,Day_2,Dark,Fast,2.5mm,Experiment_2
Co-Polarized_Red,C12,1375,1625,55.0,65.0,-5.400124791776761e-16,15.153627502974544,-0.2459874222332488,Day_2,Dark,Fast,2.5mm,Experiment_2
Co-Polarized_Red,C12,1400,1650,56.0,66.0,-3.1263880373444406e-16,14.15082474587992,-0.2340408666698704,Day_2,Dark,Fast,2.5mm,Experiment_2
Co-Polarized_IR,C15,0,250,0.0,10.0,-1.5916157281026244e-15,25.830685936861077,-1.1596591692550728,Day_2,Dark,Fast,2.5mm,Experiment_2
Co-Polarized_IR,C15,25,275,1.0,11.0,3.410605131648481e-16,14.848600188266524,-1.2113158357688052,Day_2,Dark,Fast,2.5mm,Experiment_2
Co-Polarized_IR,C15,50,300,2.0,12.0,1.70530256582424e-16,29.318196282894032,2.113365605693378,Day_2,Dark,Fast,2.5mm,Experiment_2
Co-Polarized_IR,C15,75,325,3.0,13.0,-5.115907697472721e-16,12.232247536082207,-0.0612932000391214,Day_2,Dark,Fast,2.5mm,Experiment_2
Co-Polarized_IR,C15,100,350,4.0,14.0,1.5631940186722203e-16,17.221693505665538,-1.770953547182552,Day_2,Dark,Fast,2.5mm,Experiment_2
Co-Polarized_IR,C15,125,375,5.0,15.0,-4.831690603168685e-16,22.858681157135376,-1.8103591762200828,Day_2,Dark,Fast,2.5mm,Experiment_2
Co-Polarized_IR,C15,150,400,6.0,16.0,-5.684341886080805e-16,19.152781550240093,1.7916469176907457,Day_2,Dark,Fast,2.5mm,Experiment_2
Co-Polarized_IR,C15,175,425,7.0,17.0,-2.0463630789890884e-15,24.56882070917317,1.8509958289639672,Day_2,Dark,Fast,2.5mm,Experiment_2
Co-Polarized_IR,C15,200,450,8.0,18.0,-6.821210263296962e-16,10.74520732883962,0.0161275187107054,Day_2,Dark,Fast,2.5mm,Experiment_2
Co-Polarized_IR,C15,225,475,9.0,19.0,-1.4210854715202005e-15,17.25771490791952,-1.7194675510037971,Day_2,Dark,Fast,2.5mm,Experiment_2
Co-Polarized_IR,C15,250,500,10.0,20.0,-1.3642420526593924e-15,24.50419144695628,-1.9847547494322533,Day_2,Dark,Fast,2.5mm,Experiment_2
Co-Polarized_IR,C15,275,525,11.0,21.0,-2.2737367544323206e-16,30.635597571117415,2.484049963389422,Day_2,Dark,Fast,2.5mm,Experiment_2
Co-Polarized_IR,C15,300,550,12.0,22.0,-2.2737367544323206e-16,16.682488064666302,0.9573539167470444,Day_2,Dark,Fast,2.5mm,Experiment_2
Co-Polarized_IR,C15,325,575,13.0,23.0,-6.536993168992925e-16,15.101795382028858,-0.6491166264689324,Day_2,Dark,Fast,2.5mm,Experiment_2
Co-Polarized_IR,C15,350,600,14.0,24.0,2.2737367544323206e-16,21.026509380538652,-2.050742774989053,Day_2,Dark,Fast,2.5mm,Experiment_2
Co-Polarized_IR,C15,375,625,15.0,25.0,-1.5631940186722203e-16,12.86106372915134,-0.0310641011598764,Day_2,Dark,Fast,2.5mm,Experiment_2
Co-Polarized_IR,C15,400,650,16.0,26.0,0.0,32.96976961999003,2.38577327930968,Day_2,Dark,Fast,2.5mm,Experiment_2
Co-Polarized_IR,C15,425,675,17.0,27.0,5.684341886080805e-16,14.056288879080862,-0.0004840065595678,Day_2,Dark,Fast,2.5mm,Experiment_2
Co-Polarized_IR,C15,450,700,18.0,28.0,6.821210263296962e-16,19.337951372178413,-1.1323605552934617,Day_2,Dark,Fast,2.5mm,Experiment_2
Co-Polarized_IR,C15,475,725,19.0,29.0,7.958078640513122e-16,21.606507459133535,-1.199131031390022,Day_2,Dark,Fast,2.5mm,Experiment_2
Co-Polarized_IR,C15,500,750,20.0,30.0,8.5265128291212e-17,19.321832502257113,1.06594134225615,Day_2,Dark,Fast,2.5mm,Experiment_2
Co-Polarized_IR,C15,525,775,21.0,31.0,-1.9895196601282808e-16,24.29868604011652,2.134026941735457,Day_2,Dark,Fast,2.5mm,Experiment_2
Co-Polarized_IR,C15,550,800,22.0,32.0,-4.547473508864641e-16,15.276075558344962,-0.1582947780627362,Day_2,Dark,Fast,2.5mm,Experiment_2
Co-Polarized_IR,C15,575,825,23.0,33.0,-7.958078640513122e-16,23.99760324309072,-1.4298828699877937,Day_2,Dark,Fast,2.5mm,Experiment_2
Co-Polarized_IR,C15,600,850,24.0,34.0,8.668621376273222e-16,16.027145229945294,-0.1264334964150607,Day_2,Dark,Fast,2.5mm,Experiment_2
Co-Polarized_IR,C15,625,875,25.0,35.0,-7.887024366937112e-16,22.669253586527187,1.4164553277326284,Day_2,Dark,Fast,2.5mm,Experiment_2
Co-Polarized_IR,C15,650,900,26.0,36.0,-1.1368683772161605e-15,17.655741779430283,0.7887644084712564,Day_2,Dark,Fast,2.5mm,Experiment_2
Co-Polarized_IR,C15,675,925,27.0,37.0,-1.9895196601282807e-15,28.37522180384024,-0.3122158281885408,Day_2,Dark,Fast,2.5mm,Experiment_2
Co-Polarized_IR,C15,700,950,28.0,38.0,4.547473508864641e-16,22.977195226887076,-0.788759582133127,Day_2,Dark,Fast,2.5mm,Experiment_2
Co-Polarized_IR,C15,725,975,29.0,39.0,-9.094947017729285e-16,23.108419853927952,-0.8265452181256253,Day_2,Dark,Fast,2.5mm,Experiment_2
Co-Polarized_IR,C15,750,1000,30.0,40.0,-1.0231815394945442e-15,27.89682560556627,0.469996807002201,Day_2,Dark,Fast,2.5mm,Experiment_2
Co-Polarized_IR,C15,775,1025,31.0,41.0,-2.2737367544323206e-16,23.143057984280983,-0.0122371069229561,Day_2,Dark,Fast,2.5mm,Experiment_2
Co-Polarized_IR,C15,800,1050,32.0,42.0,0.0,23.232446235068473,-1.0485814300036131,Day_2,Dark,Fast,2.5mm,Experiment_2
Co-Polarized_IR,C15,825,1075,33.0,43.0,3.2684965844964613e-16,28.779150557718207,-1.4900985084202063,Day_2,Dark,Fast,2.5mm,Experiment_2
Co-Polarized_IR,C15,850,1100,34.0,44.0,-1.0516032489249482e-15,24.17956064358582,0.2092598113747057,Day_2,Dark,Fast,2.5mm,Experiment_2
Co-Polarized_IR,C15,875,1125,35.0,45.0,1.4210854715202004e-16,31.86015653711108,0.6778799612315244,Day_2,Dark,Fast,2.5mm,Experiment_2
Co-Polarized_IR,C15,900,1150,36.0,46.0,-3.979039320256561e-16,20.535724542489262,2.051486345897149,Day_2,Dark,Fast,2.5mm,Experiment_2
Co-Polarized_IR,C15,925,1175,37.0,47.0,-9.379164112033325e-16,15.759818721526567,0.5868847855886586,Day_2,Dark,Fast,2.5mm,Experiment_2
Co-Polarized_IR,C15,950,1200,38.0,48.0,3.6948222259525213e-16,18.36569554354072,-1.766568066998139,Day_2,Dark,Fast,2.5mm,Experiment_2
Co-Polarized_IR,C15,975,1225,39.0,49.0,-2.5579538487363605e-16,12.762196128905272,-0.2116796031005053,Day_2,Dark,Fast,2.5mm,Experiment_2
Co-Polarized_IR,C15,1000,1250,40.0,50.0,-3.6948222259525213e-16,24.113999022150253,2.153422511136309,Day_2,Dark,Fast,2.5mm,Experiment_2
Co-Polarized_IR,C15,1025,1275,41.0,51.0,-6.536993168992925e-16,10.68024490479601,0.0402401346401443,Day_2,Dark,Fast,2.5mm,Experiment_2
Co-Polarized_IR,C15,1050,1300,42.0,52.0,7.105427357601002e-17,18.88619824159189,-1.6183039129598238,Day_2,Dark,Fast,2.5mm,Experiment_2
Co-Polarized_IR,C15,1075,1325,43.0,53.0,4.831690603168685e-16,19.171931871107944,-1.5454571901371206,Day_2,Dark,Fast,2.5mm,Experiment_2
Co-Polarized_IR,C15,1100,1350,44.0,54.0,5.684341886080802e-17,18.92870583520294,1.8518745577512337,Day_2,Dark,Fast,2.5mm,Experiment_2
Co-Polarized_IR,C15,1125,1375,45.0,55.0,-1.1368683772161605e-15,22.438246525211166,2.84035679359366,Day_2,Dark,Fast,2.5mm,Experiment_2
Co-Polarized_IR,C15,1150,1400,46.0,56.0,-5.115907697472721e-16,12.053111415629209,-0.487627372508418,Day_2,Dark,Fast,2.5mm,Experiment_2
Co-Polarized_IR,C15,1175,1425,47.0,57.0,-1.9895196601282808e-16,21.175789687588665,-1.8534188639242692,Day_2,Dark,Fast,2.5mm,Experiment_2
Co-Polarized_IR,C15,1200,1450,48.0,58.0,-3.410605131648481e-16,13.741974594618132,-0.6476234625216781,Day_2,Dark,Fast,2.5mm,Experiment_2
Co-Polarized_IR,C15,1225,1475,49.0,59.0,-2.8421709430404013e-16,27.598352533252292,2.4525971062890655,Day_2,Dark,Fast,2.5mm,Experiment_2
Co-Polarized_IR,C15,1250,1500,50.0,60.0,1.9895196601282808e-16,14.114523795085974,0.0392257684272625,Day_2,Dark,Fast,2.5mm,Experiment_2
Co-Polarized_IR,C15,1275,1525,51.0,61.0,1.70530256582424e-16,20.46419971857621,-1.5382902905053204,Day_2,Dark,Fast,2.5mm,Experiment_2
Co-Polarized_IR,C15,1300,1550,52.0,62.0,8.526512829121202e-16,26.115247654847597,-1.7324994313896245,Day_2,Dark,Fast,2.5mm,Experiment_2
Co-Polarized_IR,C15,1325,1575,53.0,63.0,-4.476419235288631e-16,17.445241575555702,0.6276264053630943,Day_2,Dark,Fast,2.5mm,Experiment_2
Co-Polarized_IR,C15,1350,1600,54.0,64.0,2.8421709430404013e-16,23.731137581766163,2.0470635035690323,Day_2,Dark,Fast,2.5mm,Experiment_2
Co-Polarized_IR,C15,1375,1625,55.0,65.0,-1.1368683772161603e-16,13.726095853945898,-0.4068895744130963,Day_2,Dark,Fast,2.5mm,Experiment_2
Co-Polarized_IR,C15,1400,1650,56.0,66.0,9.094947017729285e-16,22.531240250731383,-1.381752402692742,Day_2,Dark,Fast,2.5mm,Experiment_2
Cross-Polarized_Green,C19,0,250,0.0,10.0,6.821210263296962e-16,17.38688224302783,-0.3771618807328711,Day_2,Dark,Fast,2.5mm,Experiment_2
Cross-Polarized_Green,C19,25,275,1.0,11.0,7.958078640513122e-16,17.744061260133567,-1.7997150912708375,Day_2,Dark,Fast,2.5mm,Experiment_2
Cross-Polarized_Green,C19,50,300,2.0,12.0,-4.192202140984591e-16,13.191358048853372,0.7388763186323472,Day_2,Dark,Fast,2.5mm,Experiment_2
Cross-Polarized_Green,C19,75,325,3.0,13.0,8.5265128291212e-17,9.732941398883224,-0.0615139639945913,Day_2,Dark,Fast,2.5mm,Experiment_2
Cross-Polarized_Green,C19,100,350,4.0,14.0,-7.105427357601002e-17,9.311878354337331,-0.0427662452116567,Day_2,Dark,Fast,2.5mm,Experiment_2
Cross-Polarized_Green,C19,125,375,5.0,15.0,-2.984279490192421e-16,14.39417270090074,-1.293458450726693,Day_2,Dark,Fast,2.5mm,Experiment_2
Cross-Polarized_Green,C19,150,400,6.0,16.0,-1.1368683772161603e-16,11.51287647816518,0.2339103340309153,Day_2,Dark,Fast,2.5mm,Experiment_2
Cross-Polarized_Green,C19,175,425,7.0,17.0,2.3092638912203258e-17,12.093685743505825,0.6394943755121014,Day_2,Dark,Fast,2.5mm,Experiment_2
Cross-Polarized_Green,C19,200,450,8.0,18.0,-3.1263880373444406e-16,9.741925617046476,-0.5324860954774667,Day_2,Dark,Fast,2.5mm,Experiment_2
Cross-Polarized_Green,C19,225,475,9.0,19.0,-4.547473508864641e-16,12.247768009673612,-0.876754853085479,Day_2,Dark,Fast,2.5mm,Experiment_2
Cross-Polarized_Green,C19,250,500,10.0,20.0,3.979039320256561e-16,10.702583206513872,-0.4718798299991052,Day_2,Dark,Fast,2.5mm,Experiment_2
Cross-Polarized_Green,C19,275,525,11.0,21.0,-1.1368683772161603e-16,15.12001137434918,1.3567238705312377,Day_2,Dark,Fast,2.5mm,Experiment_2
Cross-Polarized_Green,C19,300,550,12.0,22.0,-5.684341886080802e-17,10.954549432282702,-0.0657149921291577,Day_2,Dark,Fast,2.5mm,Experiment_2
Cross-Polarized_Green,C19,325,575,13.0,23.0,-1.70530256582424e-16,9.593448439757712,-0.0965621646178407,Day_2,Dark,Fast,2.5mm,Experiment_2
Cross-Polarized_Green,C19,350,600,14.0,24.0,-2.4158453015843413e-16,11.723976618398378,-0.8162181771801968,Day_2,Dark,Fast,2.5mm,Experiment_2
Cross-Polarized_Green,C19,375,625,15.0,25.0,5.684341886080802e-17,9.03989205987191,0.0989206930645601,Day_2,Dark,Fast,2.5mm,Experiment_2
Cross-Polarized_Green,C19,400,650,16.0,26.0,-7.673861546209082e-16,15.546804171873273,1.968601251165953,Day_2,Dark,Fast,2.5mm,Experiment_2
Cross-Polarized_Green,C19,425,675,17.0,27.0,-5.826450433232822e-16,8.279479316648,0.3141791012446753,Day_2,Dark,Fast,2.5mm,Experiment_2
Cross-Polarized_Green,C19,450,700,18.0,28.0,1.1368683772161603e-16,9.825290894403256,-0.5085704284696949,Day_2,Dark,Fast,2.5mm,Experiment_2
Cross-Polarized_Green,C19,475,725,19.0,29.0,-4.831690603168684e-16,7.69925827793196,-0.0580615804428428,Day_2,Dark,Fast,2.5mm,Experiment_2
Cross-Polarized_Green,C19,500,750,20.0,30.0,6.252776074688881e-16,10.36393770381986,1.5697892513742826,Day_2,Dark,Fast,2.5mm,Experiment_2
Cross-Polarized_Green,C19,525,775,21.0,31.0,-2.842170943040401e-17,10.542892273104268,1.3478027027063009,Day_2,Dark,Fast,2.5mm,Experiment_2
Cross-Polarized_Green,C19,550,800,22.0,32.0,-1.1368683772161603e-16,7.98689721384221,0.3984751015360308,Day_2,Dark,Fast,2.5mm,Experiment_2
Cross-Polarized_Green,C19,575,825,23.0,33.0,-1.1368683772161603e-16,10.939154396516887,-0.9626743929257509,Day_2,Dark,Fast,2.5mm,Experiment_2
Cross-Polarized_Green,C19,600,850,24.0,34.0,3.872457909892546e-16,12.362678520401351,0.4157583747596308,Day_2,Dark,Fast,2.5mm,Experiment_2
Cross-Polarized_Green,C19,625,875,25.0,35.0,6.821210263296962e-16,17.019492240429702,1.3365986532648868,Day_2,Dark,Fast,2.5mm,Experiment_2
Cross-Polarized_Green,C19,650,900,26.0,36.0,-3.979039320256561e-16,13.204314284371584,0.3466683157157927,Day_2,Dark,Fast,2.5mm,Experiment_2
Cross-Polarized_Green,C19,675,925,27.0,37.0,1.70530256582424e-16,15.700943754468572,0.357000830563675,Day_2,Dark,Fast,2.5mm,Experiment_2
Cross-Polarized_Green,C19,700,950,28.0,38.0,4.263256414560601e-16,14.466700634666626,-0.1425333914612732,Day_2,Dark,Fast,2.5mm,Experiment_2
Cross-Polarized_Green,C19,725,975,29.0,39.0,-5.684341886080802e-17,13.904735702042265,-0.1080646510588982,Day_2,Dark,Fast,2.5mm,Experiment_2
Cross-Polarized_Green,C19,750,1000,30.0,40.0,7.389644451905044e-16,20.027072244718475,0.6971441816345498,Day_2,Dark,Fast,2.5mm,Experiment_2
Cross-Polarized_Green,C19,775,1025,31.0,41.0,-2.2737367544323206e-16,16.223545794781767,0.3685754459181777,Day_2,Dark,Fast,2.5mm,Experiment_2
Cross-Polarized_Green,C19,800,1050,32.0,42.0,-2.842170943040401e-17,14.788891871561098,0.2092375233501929,Day_2,Dark,Fast,2.5mm,Experiment_2
Cross-Polarized_Green,C19,825,1075,33.0,43.0,3.1263880373444406e-16,14.427452038176783,-0.6790242495295922,Day_2,Dark,Fast,2.5mm,Experiment_2
Cross-Polarized_Green,C19,850,1100,34.0,44.0,-5.115907697472721e-16,12.215399528175082,0.2672676526857431,Day_2,Dark,Fast,2.5mm,Experiment_2
Cross-Polarized_Green,C19,875,1125,35.0,45.0,5.115907697472721e-16,15.793105630185078,0.2347165924685428,Day_2,Dark,Fast,2.5mm,Experiment_2
Cross-Polarized_Green,C19,900,1150,36.0,46.0,-8.100187187665142e-16,11.900115761788475,0.8521840366322803,Day_2,Dark,Fast,2.5mm,Experiment_2
Cross-Polarized_Green,C19,925,1175,37.0,47.0,1.70530256582424e-16,11.301460869939786,-0.0744672472348458,Day_2,Dark,Fast,2.5mm,Experiment_2
Cross-Polarized_Green,C19,950,1200,38.0,48.0,-1.70530256582424e-16,9.451080400044384,0.1991971588538229,Day_2,Dark,Fast,2.5mm,Experiment_2
Cross-Polarized_Green,C19,975,1225,39.0,49.0,1.70530256582424e-16,9.740999124518709,-0.4861422407262219,Day_2,Dark,Fast,2.5mm,Experiment_2
Cross-Polarized_Green,C19,1000,1250,40.0,50.0,1.70530256582424e-16,10.81901872969783,1.8099696412106443,Day_2,Dark,Fast,2.5mm,Experiment_2
Cross-Polarized_Green,C19,1025,1275,41.0,51.0,5.684341886080802e-17,6.812406537493163,0.3661133431335651,Day_2,Dark,Fast,2.5mm,Experiment_2
Cross-Polarized_Green,C19,1050,1300,42.0,52.0,-2.486899575160351e-17,10.802300154172434,-1.2008637761475935,Day_2,Dark,Fast,2.5mm,Experiment_2
Cross-Polarized_Green,C19,1075,1325,43.0,53.0,6.536993168992924e-16,12.249841111483889,-2.2707482410032163,Day_2,Dark,Fast,2.5mm,Experiment_2
Cross-Polarized_Green,C19,1100,1350,44.0,54.0,8.526512829121202e-16,11.160854349733132,1.7557352686216017,Day_2,Dark,Fast,2.5mm,Experiment_2
Cross-Polarized_Green,C19,1125,1375,45.0,55.0,-8.526512829121202e-16,10.95293738048937,2.18080754116036,Day_2,Dark,Fast,2.5mm,Experiment_2
Cross-Polarized_Green,C19,1150,1400,46.0,56.0,-4.547473508864641e-16,6.692524556293648,-0.0275058770166652,Day_2,Dark,Fast,2.5mm,Experiment_2
Cross-Polarized_Green,C19,1175,1425,47.0,57.0,-8.5265128291212e-17,11.441831599175694,-1.7203296238062848,Day_2,Dark,Fast,2.5mm,Experiment_2
Cross-Polarized_Green,C19,1200,1450,48.0,58.0,-8.171241461241152e-17,7.901767731805647,0.0351403709372497,Day_2,Dark,Fast,2.5mm,Experiment_2
Cross-Polarized_Green,C19,1225,1475,49.0,59.0,-9.663381206337365e-16,13.496629784964927,1.2636190249223491,Day_2,Dark,Fast,2.5mm,Experiment_2
Cross-Polarized_Green,C19,1250,1500,50.0,60.0,-3.0908609005564356e-16,10.941557171987132,-0.3677295020506739,Day_2,Dark,Fast,2.5mm,Experiment_2
Cross-Polarized_Green,C19,1275,1525,51.0,61.0,7.105427357601002e-17,11.441526310486363,-0.0079544716045276,Day_2,Dark,Fast,2.5mm,Experiment_2
Cross-Polarized_Green,C19,1300,1550,52.0,62.0,6.252776074688881e-16,17.956903289919456,-1.4976001238850107,Day_2,Dark,Fast,2.5mm,Experiment_2
Cross-Polarized_Green,C19,1325,1575,53.0,63.0,-2.842170943040401e-17,12.294139701573185,0.2718328702257016,Day_2,Dark,Fast,2.5mm,Experiment_2
Cross-Polarized_Green,C19,1350,1600,54.0,64.0,-4.547473508864641e-16,14.414998054446832,0.7029494519852333,Day_2,Dark,Fast,2.5mm,Experiment_2
Cross-Polarized_Green,C19,1375,1625,55.0,65.0,1.4210854715202004e-16,12.078730254041108,-0.1761318342712637,Day_2,Dark,Fast,2.5mm,Experiment_2
Cross-Polarized_Green,C19,1400,1650,56.0,66.0,1.9184653865522702e-16,13.44127397614251,-0.4711163781385505,Day_2,Dark,Fast,2.5mm,Experiment_2
Cross-Polarized_Red,C18,0,250,0.0,10.0,-8.526512829121202e-16,44.989513554887,-0.2117095893001169,Day_2,Dark,Fast,2.5mm,Experiment_2
Cross-Polarized_Red,C18,25,275,1.0,11.0,-7.389644451905043e-16,41.75020996675219,-0.0992024771735374,Day_2,Dark,Fast,2.5mm,Experiment_2
Cross-Polarized_Red,C18,50,300,2.0,12.0,2.0463630789890884e-15,35.87989503461983,-0.0392309971950841,Day_2,Dark,Fast,2.5mm,Experiment_2
Cross-Polarized_Red,C18,75,325,3.0,13.0,-2.2737367544323206e-16,30.320749385590812,-0.5425089751372195,Day_2,Dark,Fast,2.5mm,Experiment_2
Cross-Polarized_Red,C18,100,350,4.0,14.0,1.7053025658242402e-16,30.139856744364774,-0.588567734736471,Day_2,Dark,Fast,2.5mm,Experiment_2
Cross-Polarized_Red,C18,125,375,5.0,15.0,8.526512829121201e-17,33.19142742452655,-0.4871960873585076,Day_2,Dark,Fast,2.5mm,Experiment_2
Cross-Polarized_Red,C18,150,400,6.0,16.0,6.821210263296962e-16,33.38761243142011,-0.4529509011776805,Day_2,Dark,Fast,2.5mm,Experiment_2
Cross-Polarized_Red,C18,175,425,7.0,17.0,1.4495071809506045e-15,35.3624883817058,-0.4260935401478405,Day_2,Dark,Fast,2.5mm,Experiment_2
Cross-Polarized_Red,C18,200,450,8.0,18.0,-2.984279490192421e-16,28.97753286077274,-0.8987566563127826,Day_2,Dark,Fast,2.5mm,Experiment_2
Cross-Polarized_Red,C18,225,475,9.0,19.0,1.8189894035458565e-15,33.27394110556265,-1.2968846059950918,Day_2,Dark,Fast,2.5mm,Experiment_2
Cross-Polarized_Red,C18,250,500,10.0,20.0,-7.958078640513122e-16,27.88614226280688,-0.5767227467912687,Day_2,Dark,Fast,2.5mm,Experiment_2
Cross-Polarized_Red,C18,275,525,11.0,21.0,4.263256414560601e-16,26.225116987555396,-0.2219794525240948,Day_2,Dark,Fast,2.5mm,Experiment_2
Cross-Polarized_Red,C18,300,550,12.0,22.0,1.1368683772161603e-16,26.687132609296977,-0.2854094346945742,Day_2,Dark,Fast,2.5mm,Experiment_2
Cross-Polarized_Red,C18,325,575,13.0,23.0,-3.410605131648481e-16,24.948951854580937,-0.7690095325014967,Day_2,Dark,Fast,2.5mm,Experiment_2
Cross-Polarized_Red,C18,350,600,14.0,24.0,4.206412995699793e-15,32.798123772457075,-1.9559293814413143,Day_2,Dark,Fast,2.5mm,Experiment_2
Cross-Polarized_Red,C18,375,625,15.0,25.0,2.842170943040401e-17,25.43793921907414,-0.6223325003153644,Day_2,Dark,Fast,2.5mm,Experiment_2
Cross-Polarized_Red,C18,400,650,16.0,26.0,-9.947598300641404e-16,28.49754346138603,-0.3266893276474223,Day_2,Dark,Fast,2.5mm,Experiment_2
Cross-Polarized_Red,C18,425,675,17.0,27.0,-5.684341886080802e-17,27.369074504176098,-0.7334150032692296,Day_2,Dark,Fast,2.5mm,Experiment_2
Cross-Polarized_Red,C18,450,700,18.0,28.0,-5.826450433232822e-16,30.81906957951024,-0.7784456445377158,Day_2,Dark,Fast,2.5mm,Experiment_2
Cross-Polarized_Red,C18,475,725,19.0,29.0,6.821210263296962e-16,37.690641182496435,-1.701599181264054,Day_2,Dark,Fast,2.5mm,Experiment_2
Cross-Polarized_Red,C18,500,750,20.0,30.0,0.0,29.191455831342257,-0.5022273615290033,Day_2,Dark,Fast,2.5mm,Experiment_2
Cross-Polarized_Red,C18,525,775,21.0,31.0,-3.6948222259525213e-16,32.36850302967907,-0.4930633007235225,Day_2,Dark,Fast,2.5mm,Experiment_2
Cross-Polarized_Red,C18,550,800,22.0,32.0,-5.684341886080802e-17,31.206674234284424,-0.5702700835011691,Day_2,Dark,Fast,2.5mm,Experiment_2
Cross-Polarized_Red,C18,575,825,23.0,33.0,0.0,32.330583017579144,-0.5997815717798427,Day_2,Dark,Fast,2.5mm,Experiment_2
Cross-Polarized_Red,C18,600,850,24.0,34.0,1.3642420526593924e-15,38.06440744308064,-1.1029152039312382,Day_2,Dark,Fast,2.5mm,Experiment_2
Cross-Polarized_Red,C18,625,875,25.0,35.0,6.821210263296962e-16,33.19622650634791,-0.5888979701562698,Day_2,Dark,Fast,2.5mm,Experiment_2
Cross-Polarized_Red,C18,650,900,26.0,36.0,-6.821210263296962e-16,33.96942075390243,-0.379976342381074,Day_2,Dark,Fast,2.5mm,Experiment_2
Cross-Polarized_Red,C18,675,925,27.0,37.0,9.094947017729285e-16,38.41282563827132,-0.4679441512823518,Day_2,Dark,Fast,2.5mm,Experiment_2
Cross-Polarized_Red,C18,700,950,28.0,38.0,1.3358203432289884e-15,36.21718986523137,-0.3789395116875136,Day_2,Dark,Fast,2.5mm,Experiment_2
Cross-Polarized_Red,C18,725,975,29.0,39.0,7.105427357601002e-16,41.2862755512196,-0.5943126665435461,Day_2,Dark,Fast,2.5mm,Experiment_2
Cross-Polarized_Red,C18,750,1000,30.0,40.0,-6.821210263296962e-16,37.37618543092883,0.0239627292751679,Day_2,Dark,Fast,2.5mm,Experiment_2
Cross-Polarized_Red,C18,775,1025,31.0,41.0,-8.526512829121202e-16,36.90581412389964,-0.4552716757426521,Day_2,Dark,Fast,2.5mm,Experiment_2
Cross-Polarized_Red,C18,800,1050,32.0,42.0,5.684341886080803e-16,41.70594383862095,-0.5737896147775003,Day_2,Dark,Fast,2.5mm,Experiment_2
Cross-Polarized_Red,C18,825,1075,33.0,43.0,-5.115907697472721e-16,38.082538940214135,-0.2485413122959867,Day_2,Dark,Fast,2.5mm,Experiment_2
Cross-Polarized_Red,C18,850,1100,34.0,44.0,-5.684341886080803e-16,38.359552347492475,-0.3803557864425217,Day_2,Dark,Fast,2.5mm,Experiment_2
Cross-Polarized_Red,C18,875,1125,35.0,45.0,-1.3642420526593924e-15,43.55242847670374,0.1394156803426804,Day_2,Dark,Fast,2.5mm,Experiment_2
Cross-Polarized_Red,C18,900,1150,36.0,46.0,5.684341886080802e-17,39.68011321277024,-0.711303147491233,Day_2,Dark,Fast,2.5mm,Experiment_2
Cross-Polarized_Red,C18,925,1175,37.0,47.0,3.0695446184836328e-15,41.00680218244293,-0.6028074392489523,Day_2,Dark,Fast,2.5mm,Experiment_2
Cross-Polarized_Red,C18,950,1200,38.0,48.0,-1.1368683772161603e-16,38.178913746325954,-0.5824094736522211,Day_2,Dark,Fast,2.5mm,Experiment_2
Cross-Polarized_Red,C18,975,1225,39.0,49.0,3.1263880373444406e-16,35.47017388729107,-0.5108189132975635,Day_2,Dark,Fast,2.5mm,Experiment_2
Cross-Polarized_Red,C18,1000,1250,40.0,50.0,2.273736754432321e-15,42.24810459345911,0.5501509874438152,Day_2,Dark,Fast,2.5mm,Experiment_2
Cross-Polarized_Red,C18,1025,1275,41.0,51.0,5.684341886080802e-17,37.36732034210219,-0.6669803046322734,Day_2,Dark,Fast,2.5mm,Experiment_2
Cross-Polarized_Red,C18,1050,1300,42.0,52.0,4.547473508864641e-16,38.76103544749854,-1.011638426088601,Day_2,Dark,Fast,2.5mm,Experiment_2
Cross-Polarized_Red,C18,1075,1325,43.0,53.0,9.094947017729285e-16,40.5744907600393,-1.1245536228256137,Day_2,Dark,Fast,2.5mm,Experiment_2
Cross-Polarized_Red,C18,1100,1350,44.0,54.0,4.547473508864641e-16,34.28100540463515,-0.7950747395705894,Day_2,Dark,Fast,2.5mm,Experiment_2
Cross-Polarized_Red,C18,1125,1375,45.0,55.0,-3.609557097661309e-15,38.14833736779187,0.7600610970371999,Day_2,Dark,Fast,2.5mm,Experiment_2
Cross-Polarized_Red,C18,1150,1400,46.0,56.0,8.526512829121201e-17,33.768944769120644,-0.637806861747289,Day_2,Dark,Fast,2.5mm,Experiment_2
Cross-Polarized_Red,C18,1175,1425,47.0,57.0,2.2737367544323206e-16,36.42307593691204,-1.047657325502166,Day_2,Dark,Fast,2.5mm,Experiment_2
Cross-Polarized_Red,C18,1200,1450,48.0,58.0,4.547473508864641e-16,33.530648785947854,-0.5320645896770139,Day_2,Dark,Fast,2.5mm,Experiment_2
Cross-Polarized_Red,C18,1225,1475,49.0,59.0,3.1263880373444406e-16,35.96905742884615,-0.6628489898086503,Day_2,Dark,Fast,2.5mm,Experiment_2
Cross-Polarized_Red,C18,1250,1500,50.0,60.0,1.932676241267473e-15,35.268946518557556,-0.0355223806993094,Day_2,Dark,Fast,2.5mm,Experiment_2
Cross-Polarized_Red,C18,1275,1525,51.0,61.0,-1.3073986337985845e-15,33.44022729311496,-0.4215874073436522,Day_2,Dark,Fast,2.5mm,Experiment_2
Cross-Polarized_Red,C18,1300,1550,52.0,62.0,-1.5916157281026244e-15,31.357596585752898,-0.4765718482072681,Day_2,Dark,Fast,2.5mm,Experiment_2
Cross-Polarized_Red,C18,1325,1575,53.0,63.0,-9.094947017729285e-16,31.605161765816742,-0.3037338152806211,Day_2,Dark,Fast,2.5mm,Experiment_2
Cross-Polarized_Red,C18,1350,1600,54.0,64.0,8.526512829121201e-17,35.92763737565612,-0.3104480497940803,Day_2,Dark,Fast,2.5mm,Experiment_2
Cross-Polarized_Red,C18,1375,1625,55.0,65.0,-1.3073986337985845e-15,30.18258684599432,-0.3353559836547903,Day_2,Dark,Fast,2.5mm,Experiment_2
Cross-Polarized_Red,C18,1400,1650,56.0,66.0,0.0,30.75815569758518,-0.0954719849134508,Day_2,Dark,Fast,2.5mm,Experiment_2
Cross-Polarized_IR,C21,0,250,0.0,10.0,-2.0463630789890884e-15,68.3410905495922,-0.8636717454682065,Day_2,Dark,Fast,2.5mm,Experiment_2
Cross-Polarized_IR,C21,25,275,1.0,11.0,5.4569682106375695e-15,37.83840956829674,-2.066803420879385,Day_2,Dark,Fast,2.5mm,Experiment_2
Cross-Polarized_IR,C21,50,300,2.0,12.0,-1.5916157281026244e-15,71.76729301494224,2.2643177329278563,Day_2,Dark,Fast,2.5mm,Experiment_2
Cross-Polarized_IR,C21,75,325,3.0,13.0,-7.389644451905042e-16,27.47173442245397,0.8729579207846364,Day_2,Dark,Fast,2.5mm,Experiment_2
Cross-Polarized_IR,C21,100,350,4.0,14.0,-1.7053025658242405e-16,38.62348595338107,-2.294926582902036,Day_2,Dark,Fast,2.5mm,Experiment_2
Cross-Polarized_IR,C21,125,375,5.0,15.0,-2.2737367544323206e-16,62.80139857382537,-2.4932648085449354,Day_2,Dark,Fast,2.5mm,Experiment_2
Cross-Polarized_IR,C21,150,400,6.0,16.0,3.183231456205249e-15,46.58755566313943,2.6146511902664282,Day_2,Dark,Fast,2.5mm,Experiment_2
Cross-Polarized_IR,C21,175,425,7.0,17.0,2.2737367544323206e-16,68.34382178201167,2.39080932421464,Day_2,Dark,Fast,2.5mm,Experiment_2
Cross-Polarized_IR,C21,200,450,8.0,18.0,-1.1368683772161603e-15,25.183228727084366,-0.5388868398684152,Day_2,Dark,Fast,2.5mm,Experiment_2
Cross-Polarized_IR,C21,225,475,9.0,19.0,1.8758328224066646e-15,49.56430024061799,-2.5599459246235168,Day_2,Dark,Fast,2.5mm,Experiment_2
Cross-Polarized_IR,C21,250,500,10.0,20.0,1.5347723092418164e-15,56.517849277995424,-2.2121256458266387,Day_2,Dark,Fast,2.5mm,Experiment_2
Cross-Polarized_IR,C21,275,525,11.0,21.0,3.183231456205249e-15,77.02924373098433,2.6143231677398573,Day_2,Dark,Fast,2.5mm,Experiment_2
Cross-Polarized_IR,C21,300,550,12.0,22.0,2.2737367544323206e-15,45.871659364796216,1.7913761496113603,Day_2,Dark,Fast,2.5mm,Experiment_2
Cross-Polarized_IR,C21,325,575,13.0,23.0,5.684341886080802e-16,36.84430210889728,-1.013311393657048,Day_2,Dark,Fast,2.5mm,Experiment_2
Cross-Polarized_IR,C21,350,600,14.0,24.0,8.242295734817163e-16,57.373240634454156,-2.552201742893201,Day_2,Dark,Fast,2.5mm,Experiment_2
Cross-Polarized_IR,C21,375,625,15.0,25.0,-9.094947017729283e-16,34.255717507452765,-1.0808860157414286,Day_2,Dark,Fast,2.5mm,Experiment_2
Cross-Polarized_IR,C21,400,650,16.0,26.0,3.922195901395753e-15,80.76543714949405,2.8080219936672237,Day_2,Dark,Fast,2.5mm,Experiment_2
Cross-Polarized_IR,C21,425,675,17.0,27.0,-7.958078640513122e-16,26.684250323644328,-0.07230298380478317,Day_2,Dark,Fast,2.5mm,Experiment_2
Cross-Polarized_IR,C21,450,700,18.0,28.0,6.252776074688881e-16,48.35839981922467,-1.9299686919701617,Day_2,Dark,Fast,2.5mm,Experiment_2
Cross-Polarized_IR,C21,475,725,19.0,29.0,1.1368683772161603e-16,47.50476745418197,-2.2619745413947565,Day_2,Dark,Fast,2.5mm,Experiment_2
Cross-Polarized_IR,C21,500,750,20.0,30.0,-3.836930773104541e-16,45.32100418536723,2.0802643733999373,Day_2,Dark,Fast,2.5mm,Experiment_2
Cross-Polarized_IR,C21,525,775,21.0,31.0,2.6147972675971686e-15,57.16527894873668,3.1181715170312794,Day_2,Dark,Fast,2.5mm,Experiment_2
Cross-Polarized_IR,C21,550,800,22.0,32.0,5.684341886080802e-16,25.302055718101723,-0.3979907144916582,Day_2,Dark,Fast,2.5mm,Experiment_2
Cross-Polarized_IR,C21,575,825,23.0,33.0,-1.6484591469634325e-15,62.8843509410025,-2.3711009915242,Day_2,Dark,Fast,2.5mm,Experiment_2
Cross-Polarized_IR,C21,600,850,24.0,34.0,4.547473508864641e-16,32.51739716046432,-1.0772010611739806,Day_2,Dark,Fast,2.5mm,Experiment_2
Cross-Polarized_IR,C21,625,875,25.0,35.0,7.958078640513122e-16,66.24158680583692,2.346036582506509,Day_2,Dark,Fast,2.5mm,Experiment_2
Cross-Polarized_IR,C21,650,900,26.0,36.0,-2.2737367544323206e-15,42.34268106845201,1.4640773973186085,Day_2,Dark,Fast,2.5mm,Experiment_2
Cross-Polarized_IR,C21,675,925,27.0,37.0,-3.0695446184836328e-15,72.74377464036871,-0.7296715088660427,Day_2,Dark,Fast,2.5mm,Experiment_2
Cross-Polarized_IR,C21,700,950,28.0,38.0,7.275957614183426e-15,69.0554410868599,-1.536197480377373,Day_2,Dark,Fast,2.5mm,Experiment_2
Cross-Polarized_IR,C21,725,975,29.0,39.0,5.002220859751105e-15,65.33713271245936,-1.0944394030683575,Day_2,Dark,Fast,2.5mm,Experiment_2
Cross-Polarized_IR,C21,750,1000,30.0,40.0,4.092726157978177e-15,87.22251469921876,0.7396175028017878,Day_2,Dark,Fast,2.5mm,Experiment_2
Cross-Polarized_IR,C21,775,1025,31.0,41.0,9.094947017729283e-16,64.70187319207076,-0.27932332358675654,Day_2,Dark,Fast,2.5mm,Experiment_2
Cross-Polarized_IR,C21,800,1050,32.0,42.0,-3.637978807091713e-15,65.26528389174858,-1.1619750709437178,Day_2,Dark,Fast,2.5mm,Experiment_2
Cross-Polarized_IR,C21,825,1075,33.0,43.0,1.1937117960769684e-15,78.85940927217426,-1.3928663293611745,Day_2,Dark,Fast,2.5mm,Experiment_2
Cross-Polarized_IR,C21,850,1100,34.0,44.0,-5.684341886080802e-16,72.01880558516203,0.24772589438768636,Day_2,Dark,Fast,2.5mm,Experiment_2
Cross-Polarized_IR,C21,875,1125,35.0,45.0,-6.480149750132114e-15,90.03713418189496,0.2654654575816927,Day_2,Dark,Fast,2.5mm,Experiment_2
Cross-Polarized_IR,C21,900,1150,36.0,46.0,3.183231456205249e-15,56.52821493206189,3.041567043385567,Day_2,Dark,Fast,2.5mm,Experiment_2
Cross-Polarized_IR,C21,925,1175,37.0,47.0,9.094947017729283e-16,39.157080492557895,-0.5459335079347714,Day_2,Dark,Fast,2.5mm,Experiment_2
Cross-Polarized_IR,C21,950,1200,38.0,48.0,-7.958078640513122e-16,40.664767122902546,-2.1621653894446164,Day_2,Dark,Fast,2.5mm,Experiment_2
Cross-Polarized_IR,C21,975,1225,39.0,49.0,4.547473508864641e-16,36.2908309734279,-0.6962511233912093,Day_2,Dark,Fast,2.5mm,Experiment_2
Cross-Polarized_IR,C21,1000,1250,40.0,50.0,-4.092726157978177e-15,71.64597597379542,2.6424030938002736,Day_2,Dark,Fast,2.5mm,Experiment_2
Cross-Polarized_IR,C21,1025,1275,41.0,51.0,-1.5916157281026244e-15,24.021091676141484,0.2924013584556489,Day_2,Dark,Fast,2.5mm,Experiment_2
Cross-Polarized_IR,C21,1050,1300,42.0,52.0,-2.842170943040401e-16,48.827344042041936,-2.183412009012224,Day_2,Dark,Fast,2.5mm,Experiment_2
Cross-Polarized_IR,C21,1075,1325,43.0,53.0,9.094947017729283e-16,43.8182358813903,-2.597211438254426,Day_2,Dark,Fast,2.5mm,Experiment_2
Cross-Polarized_IR,C21,1100,1350,44.0,54.0,1.1368683772161603e-15,51.35119326518675,3.002305614936893,Day_2,Dark,Fast,2.5mm,Experiment_2
Cross-Polarized_IR,C21,1125,1375,45.0,55.0,1.0231815394945442e-15,52.54470124576687,2.940909626759478,Day_2,Dark,Fast,2.5mm,Experiment_2
Cross-Polarized_IR,C21,1150,1400,46.0,56.0,-2.5011104298755525e-15,26.937677986693622,-0.804994389883297,Day_2,Dark,Fast,2.5mm,Experiment_2
Cross-Polarized_IR,C21,1175,1425,47.0,57.0,1.8189894035458565e-15,63.018912719119314,-2.5303153239368976,Day_2,Dark,Fast,2.5mm,Experiment_2
Cross-Polarized_IR,C21,1200,1450,48.0,58.0,2.2737367544323206e-16,29.45193872254411,-0.5342407648101872,Day_2,Dark,Fast,2.5mm,Experiment_2
Cross-Polarized_IR,C21,1225,1475,49.0,59.0,3.694822225952521e-15,72.06000530211142,2.8261161337682537,Day_2,Dark,Fast,2.5mm,Experiment_2
Cross-Polarized_IR,C21,1250,1500,50.0,60.0,1.3642420526593924e-15,28.150368891249116,0.863084402602192,Day_2,Dark,Fast,2.5mm,Experiment_2
Cross-Polarized_IR,C21,1275,1525,51.0,61.0,-1.3642420526593924e-15,42.72262051994482,-1.7536522948756044,Day_2,Dark,Fast,2.5mm,Experiment_2
Cross-Polarized_IR,C21,1300,1550,52.0,62.0,4.320099833421409e-15,67.24860045268466,-2.4214953302538866,Day_2,Dark,Fast,2.5mm,Experiment_2
Cross-Polarized_IR,C21,1325,1575,53.0,63.0,-1.4210854715202005e-15,50.216946504982076,1.9700767533314127,Day_2,Dark,Fast,2.5mm,Experiment_2
Cross-Polarized_IR,C21,1350,1600,54.0,64.0,-5.684341886080802e-15,62.78648501402899,2.872916385733886,Day_2,Dark,Fast,2.5mm,Experiment_2
Cross-Polarized_IR,C21,1375,1625,55.0,65.0,-6.252776074688881e-16,27.545276970811905,-0.7595350149558676,Day_2,Dark,Fast,2.5mm,Experiment_2
Cross-Polarized_IR,C21,1400,1650,56.0,66.0,9.094947017729283e-16,56.811895490853345,-2.2304342787054585,Day_2,Dark,Fast,2.5mm,Experiment_2
