time,Unpolarized_A_Green,Unpolarized_A_Red,Unpolarized_A_IR,Unpolarized_B_Green,Unpolarized_B_Red,Unpolarized_B_IR,Co-Polarized_Green,Co-Polarized_Red,Co-Polarized_IR,Cross-Polarized_Green,Cross-Polarized_Red,Cross-Polarized_IR,Day,SkinTone,Speed,Depth,Experiment
2025-10-23T02:50:38.123Z,148,1142,4163,471,1563,5958,3143,2872,11439,1958,2058,10664,Day_1,Medium,Intermediate,5mm,Experiment_2
2025-10-23T02:50:38.163Z,149,1150,4164,476,1573,5950,3136,2902,11435,1958,2073,10669,Day_1,Medium,Intermediate,5mm,Experiment_2
2025-10-23T02:50:38.203Z,151,1153,4173,480,1579,5955,3129,2909,11428,1961,2081,10667,Day_1,Medium,Intermediate,5mm,Experiment_2
2025-10-23T02:50:38.243Z,153,1142,4182,482,1573,5964,3135,2901,11427,1967,2079,10662,Day_1,Medium,Intermediate,5mm,Experiment_2
2025-10-23T02:50:38.283Z,159,1129,4184,483,1565,5968,3143,2895,11433,1971,2074,10659,Day_1,Medium,Intermediate,5mm,Experiment_2
2025-10-23T02:50:38.323Z,162,1129,4179,483,1564,5965,3135,2893,11444,1970,2074,10661,Day_1,Medium,Intermediate,5mm,Experiment_2
2025-10-23T02:52:02.900Z,160,1138,4170,483,1570,5955,3114,2892,11452,1964,2077,10664,Day_1,Medium,Intermediate,5mm,Experiment_2
2025-10-23T02:52:02.940Z,159,1146,4161,487,1575,5942,3094,2896,11445,1955,2082,10664,Day_1,Medium,Intermediate,5mm,Experiment_2
2025-10-23T02:52:02.980Z,160,1148,4160,492,1575,5934,3089,2897,11430,1951,2083,10662,Day_1,Medium,Intermediate,5mm,Experiment_2
2025-10-23T02:52:03.020Z,162,1144,4166,494,1569,5936,3098,2886,11420,1954,2075,10661,Day_1,Medium,Intermediate,5mm,Experiment_2
2025-10-23T02:52:03.060Z,166,1140,4175,492,1562,5946,3112,2875,11417,1958,2064,10661,Day_1,Medium,Intermediate,5mm,Experiment_2
2025-10-23T02:52:03.100Z,166,1142,4183,487,1561,5957,3127,2878,11411,1959,2061,10660,Day_1,Medium,Intermediate,5mm,Experiment_2
2025-10-23T02:52:03.140Z,159,1148,4189,479,1567,5962,3136,2898,11406,1959,2069,10659,Day_1,Medium,Intermediate,5mm,Experiment_2
2025-10-23T02:52:03.180Z,152,1155,4196,476,1574,5965,3130,2925,11408,1957,2084,10659,Day_1,Medium,Intermediate,5mm,Experiment_2
2025-10-23T02:52:03.220Z,153,1156,4201,483,1580,5968,3115,2949,11427,1956,2103,10668,Day_1,Medium,Intermediate,5mm,Experiment_2
2025-10-23T02:52:03.260Z,164,1155,4199,496,1584,5968,3103,2968,11454,1959,2121,10688,Day_1,Medium,Intermediate,5mm,Experiment_2
2025-10-23T02:52:03.300Z,172,1159,4191,503,1591,5968,3096,2970,11468,1960,2124,10710,Day_1,Medium,Intermediate,5mm,Experiment_2
2025-10-23T02:52:03.340Z,168,1166,4182,498,1600,5976,3087,2946,11463,1955,2110,10723,Day_1,Medium,Intermediate,5mm,Experiment_2
2025-10-23T02:52:03.380Z,161,1166,4178,490,1602,5990,3082,2918,11455,1952,2094,10728,Day_1,Medium,Intermediate,5mm,Experiment_2
2025-10-23T02:52:03.420Z,164,1155,4180,492,1595,6002,3085,2908,11451,1954,2090,10731,Day_1,Medium,Intermediate,5mm,Experiment_2
2025-10-23T02:52:03.460Z,172,1142,4180,502,1587,6000,3092,2912,11447,1957,2093,10730,Day_1,Medium,Intermediate,5mm,Experiment_2
2025-10-23T02:52:03.500Z,174,1135,4174,508,1582,5987,3100,2919,11446,1960,2098,10728,Day_1,Medium,Intermediate,5mm,Experiment_2
2025-10-23T02:52:03.540Z,170,1134,4166,507,1579,5976,3108,2922,11453,1965,2101,10729,Day_1,Medium,Intermediate,5mm,Experiment_2
2025-10-23T02:52:03.580Z,166,1138,4163,502,1577,5974,3108,2919,11460,1968,2100,10734,Day_1,Medium,Intermediate,5mm,Experiment_2
2025-10-23T02:52:03.620Z,168,1149,4164,503,1578,5977,3101,2914,11453,1967,2099,10736,Day_1,Medium,Intermediate,5mm,Experiment_2
2025-10-23T02:52:03.660Z,175,1158,4163,508,1579,5976,3092,2914,11433,1962,2098,10728,Day_1,Medium,Intermediate,5mm,Experiment_2
2025-10-23T02:52:03.700Z,176,1158,4160,512,1574,5969,3085,2917,11418,1954,2094,10716,Day_1,Medium,Intermediate,5mm,Experiment_2
2025-10-23T02:52:03.740Z,167,1146,4161,508,1566,5962,3082,2915,11425,1947,2085,10718,Day_1,Medium,Intermediate,5mm,Experiment_2
2025-10-23T02:52:03.780Z,157,1134,4166,498,1561,5960,3085,2906,11449,1948,2076,10734,Day_1,Medium,Intermediate,5mm,Experiment_2
2025-10-23T02:52:03.820Z,152,1134,4169,488,1564,5961,3094,2895,11473,1954,2069,10752,Day_1,Medium,Intermediate,5mm,Experiment_2
2025-10-23T02:52:03.860Z,154,1141,4171,485,1571,5967,3105,2892,11485,1964,2068,10761,Day_1,Medium,Intermediate,5mm,Experiment_2
2025-10-23T02:52:03.900Z,156,1145,4171,487,1575,5976,3118,2890,11478,1973,2068,10758,Day_1,Medium,Intermediate,5mm,Experiment_2
2025-10-23T02:52:03.940Z,158,1142,4166,490,1573,5985,3133,2880,11462,1979,2064,10750,Day_1,Medium,Intermediate,5mm,Experiment_2
2025-10-23T02:52:03.980Z,161,1134,4164,492,1566,5991,3148,2872,11450,1985,2062,10744,Day_1,Medium,Intermediate,5mm,Experiment_2
2025-10-23T02:52:04.020Z,163,1124,4169,493,1558,5996,3162,2881,11443,1990,2070,10738,Day_1,Medium,Intermediate,5mm,Experiment_2
2025-10-23T02:52:04.060Z,160,1117,4177,490,1551,5999,3172,2900,11436,1993,2085,10730,Day_1,Medium,Intermediate,5mm,Experiment_2
2025-10-23T02:52:04.100Z,153,1115,4180,485,1546,5999,3168,2915,11433,1992,2097,10727,Day_1,Medium,Intermediate,5mm,Experiment_2
2025-10-23T02:52:04.140Z,152,1121,4181,484,1548,5996,3145,2921,11437,1984,2103,10728,Day_1,Medium,Intermediate,5mm,Experiment_2
2025-10-23T02:52:04.180Z,155,1133,4183,488,1560,5992,3117,2917,11447,1972,2100,10733,Day_1,Medium,Intermediate,5mm,Experiment_2
2025-10-23T02:52:04.220Z,158,1145,4181,491,1574,5986,3104,2907,11457,1966,2092,10740,Day_1,Medium,Intermediate,5mm,Experiment_2
2025-10-23T02:52:04.260Z,159,1147,4174,493,1577,5980,3103,2905,11463,1965,2084,10745,Day_1,Medium,Intermediate,5mm,Experiment_2
2025-10-23T02:52:04.300Z,161,1148,4169,493,1574,5977,3105,2912,11465,1965,2085,10746,Day_1,Medium,Intermediate,5mm,Experiment_2
2025-10-23T02:52:04.341Z,161,1157,4170,491,1579,5977,3109,2914,11464,1965,2088,10743,Day_1,Medium,Intermediate,5mm,Experiment_2
2025-10-23T02:52:04.381Z,165,1166,4173,493,1589,5976,3119,2909,11461,1968,2087,10740,Day_1,Medium,Intermediate,5mm,Experiment_2
2025-10-23T02:52:04.421Z,173,1165,4172,501,1591,5975,3134,2905,11457,1975,2085,10739,Day_1,Medium,Intermediate,5mm,Experiment_2
2025-10-23T02:52:04.461Z,176,1154,4170,506,1583,5977,3151,2907,11450,1983,2092,10735,Day_1,Medium,Intermediate,5mm,Experiment_2
2025-10-23T02:52:04.501Z,170,1141,4168,502,1570,5982,3159,2913,11440,1988,2101,10729,Day_1,Medium,Intermediate,5mm,Experiment_2
2025-10-23T02:52:04.541Z,161,1128,4170,495,1558,5988,3161,2918,11438,1989,2103,10729,Day_1,Medium,Intermediate,5mm,Experiment_2
2025-10-23T02:52:04.581Z,153,1123,4172,489,1553,5993,3162,2916,11444,1987,2100,10736,Day_1,Medium,Intermediate,5mm,Experiment_2
2025-10-23T02:52:04.621Z,146,1130,4172,483,1559,5993,3158,2905,11452,1983,2093,10742,Day_1,Medium,Intermediate,5mm,Experiment_2
2025-10-23T02:52:04.661Z,146,1141,4168,481,1568,5985,3144,2895,11462,1973,2088,10745,Day_1,Medium,Intermediate,5mm,Experiment_2
2025-10-23T02:52:04.700Z,151,1143,4165,482,1570,5976,3128,2895,11470,1962,2088,10746,Day_1,Medium,Intermediate,5mm,Experiment_2
2025-10-23T02:52:04.740Z,153,1134,4166,483,1566,5971,3119,2898,11468,1956,2088,10745,Day_1,Medium,Intermediate,5mm,Experiment_2
2025-10-23T02:52:04.780Z,151,1124,4169,480,1563,5970,3112,2896,11458,1955,2083,10737,Day_1,Medium,Intermediate,5mm,Experiment_2
2025-10-23T02:52:04.820Z,150,1123,4172,479,1563,5971,3097,2895,11443,1953,2078,10726,Day_1,Medium,Intermediate,5mm,Experiment_2
2025-10-23T02:52:04.860Z,152,1130,4175,481,1567,5972,3079,2909,11438,1949,2083,10721,Day_1,Medium,Intermediate,5mm,Experiment_2
2025-10-23T02:52:04.900Z,154,1137,4178,482,1573,5971,3074,2935,11447,1943,2101,10723,Day_1,Medium,Intermediate,5mm,Experiment_2
2025-10-23T02:52:04.940Z,153,1142,4181,482,1579,5970,3084,2953,11455,1940,2118,10727,Day_1,Medium,Intermediate,5mm,Experiment_2
2025-10-23T02:52:04.980Z,157,1145,4184,485,1582,5972,3098,2949,11458,1944,2123,10730,Day_1,Medium,Intermediate,5mm,Experiment_2
2025-10-23T02:52:05.020Z,162,1144,4186,494,1579,5980,3099,2936,11457,1950,2118,10731,Day_1,Medium,Intermediate,5mm,Experiment_2
2025-10-23T02:52:05.061Z,161,1142,4183,499,1576,5987,3087,2923,11454,1951,2108,10732,Day_1,Medium,Intermediate,5mm,Experiment_2
2025-10-23T02:52:05.101Z,154,1146,4179,494,1578,5993,3077,2906,11446,1945,2099,10730,Day_1,Medium,Intermediate,5mm,Experiment_2
2025-10-23T02:52:05.141Z,153,1152,4176,491,1584,5997,3080,2895,11436,1939,2096,10726,Day_1,Medium,Intermediate,5mm,Experiment_2
2025-10-23T02:52:05.181Z,162,1151,4175,496,1585,5998,3092,2891,11435,1938,2093,10730,Day_1,Medium,Intermediate,5mm,Experiment_2
2025-10-23T02:52:05.221Z,170,1140,4175,501,1575,5996,3097,2883,11443,1939,2084,10739,Day_1,Medium,Intermediate,5mm,Experiment_2
2025-10-23T02:52:05.261Z,169,1131,4173,500,1565,5990,3094,2871,11448,1940,2073,10741,Day_1,Medium,Intermediate,5mm,Experiment_2
2025-10-23T02:52:05.301Z,163,1130,4169,496,1562,5983,3092,2864,11447,1940,2066,10737,Day_1,Medium,Intermediate,5mm,Experiment_2
2025-10-23T02:52:05.341Z,160,1134,4166,494,1565,5978,3097,2864,11448,1941,2063,10735,Day_1,Medium,Intermediate,5mm,Experiment_2
2025-10-23T02:52:05.381Z,162,1139,4171,497,1571,5977,3109,2867,11456,1947,2063,10740,Day_1,Medium,Intermediate,5mm,Experiment_2
2025-10-23T02:52:05.421Z,167,1143,4178,500,1577,5975,3129,2875,11464,1954,2068,10747,Day_1,Medium,Intermediate,5mm,Experiment_2
2025-10-23T02:52:05.461Z,170,1146,4180,500,1577,5971,3143,2879,11470,1960,2072,10747,Day_1,Medium,Intermediate,5mm,Experiment_2
2025-10-23T02:52:05.501Z,169,1145,4175,495,1573,5965,3141,2874,11477,1961,2068,10746,Day_1,Medium,Intermediate,5mm,Experiment_2
2025-10-23T02:52:05.541Z,166,1146,4168,489,1571,5961,3123,2873,11481,1958,2065,10747,Day_1,Medium,Intermediate,5mm,Experiment_2
2025-10-23T02:52:05.581Z,166,1144,4159,490,1570,5959,3103,2881,11472,1955,2069,10745,Day_1,Medium,Intermediate,5mm,Experiment_2
2025-10-23T02:52:05.621Z,162,1134,4152,489,1566,5961,3096,2891,11461,1957,2076,10740,Day_1,Medium,Intermediate,5mm,Experiment_2
2025-10-23T02:52:05.661Z,156,1123,4151,484,1561,5970,3104,2900,11458,1964,2081,10735,Day_1,Medium,Intermediate,5mm,Experiment_2
2025-10-23T02:52:05.701Z,154,1119,4158,483,1560,5982,3121,2908,11460,1971,2086,10737,Day_1,Medium,Intermediate,5mm,Experiment_2
2025-10-23T02:52:05.741Z,157,1123,4166,488,1560,5989,3141,2909,11456,1977,2087,10736,Day_1,Medium,Intermediate,5mm,Experiment_2
2025-10-23T02:52:05.781Z,159,1129,4173,496,1562,5988,3160,2903,11441,1981,2087,10727,Day_1,Medium,Intermediate,5mm,Experiment_2
2025-10-23T02:52:05.821Z,159,1130,4179,501,1559,5987,3164,2897,11426,1980,2086,10719,Day_1,Medium,Intermediate,5mm,Experiment_2
2025-10-23T02:52:05.861Z,158,1127,4183,499,1552,5984,3148,2891,11427,1971,2086,10720,Day_1,Medium,Intermediate,5mm,Experiment_2
2025-10-23T02:52:05.901Z,157,1131,4180,493,1552,5978,3122,2888,11439,1960,2086,10724,Day_1,Medium,Intermediate,5mm,Experiment_2
2025-10-23T02:52:05.941Z,159,1143,4174,490,1564,5972,3098,2890,11447,1951,2085,10723,Day_1,Medium,Intermediate,5mm,Experiment_2
2025-10-23T02:52:05.981Z,161,1150,4169,491,1574,5969,3087,2892,11441,1948,2079,10717,Day_1,Medium,Intermediate,5mm,Experiment_2
2025-10-23T02:52:06.021Z,160,1150,4164,495,1574,5967,3092,2888,11427,1953,2070,10715,Day_1,Medium,Intermediate,5mm,Experiment_2
2025-10-23T02:52:06.061Z,160,1147,4158,498,1572,5966,3103,2877,11414,1959,2063,10717,Day_1,Medium,Intermediate,5mm,Experiment_2
2025-10-23T02:52:06.101Z,164,1148,4155,499,1573,5965,3111,2865,11407,1963,2061,10724,Day_1,Medium,Intermediate,5mm,Experiment_2
2025-10-23T02:52:06.141Z,166,1152,4159,496,1576,5964,3112,2864,11406,1963,2064,10732,Day_1,Medium,Intermediate,5mm,Experiment_2
2025-10-23T02:52:06.181Z,165,1154,4167,491,1579,5966,3107,2877,11413,1961,2074,10737,Day_1,Medium,Intermediate,5mm,Experiment_2
2025-10-23T02:52:06.221Z,162,1151,4171,488,1582,5974,3102,2893,11423,1959,2085,10737,Day_1,Medium,Intermediate,5mm,Experiment_2
2025-10-23T02:52:06.261Z,158,1149,4170,484,1586,5985,3104,2898,11434,1959,2090,10733,Day_1,Medium,Intermediate,5mm,Experiment_2
2025-10-23T02:52:06.301Z,154,1150,4172,481,1587,5995,3117,2887,11444,1965,2083,10729,Day_1,Medium,Intermediate,5mm,Experiment_2
2025-10-23T02:52:06.341Z,153,1152,4180,479,1585,6000,3134,2882,11450,1976,2077,10728,Day_1,Medium,Intermediate,5mm,Experiment_2
2025-10-23T02:52:06.381Z,150,1154,4189,478,1584,5999,3140,2895,11445,1983,2080,10725,Day_1,Medium,Intermediate,5mm,Experiment_2
2025-10-23T02:52:06.421Z,150,1153,4194,480,1585,5994,3133,2913,11435,1982,2087,10720,Day_1,Medium,Intermediate,5mm,Experiment_2
2025-10-23T02:52:06.461Z,157,1151,4192,489,1584,5990,3122,2920,11433,1972,2091,10720,Day_1,Medium,Intermediate,5mm,Experiment_2
2025-10-23T02:52:06.501Z,167,1150,4185,495,1582,5984,3107,2916,11435,1962,2092,10723,Day_1,Medium,Intermediate,5mm,Experiment_2
2025-10-23T02:52:06.541Z,168,1148,4177,495,1581,5977,3094,2908,11435,1956,2092,10725,Day_1,Medium,Intermediate,5mm,Experiment_2
2025-10-23T02:52:06.581Z,162,1148,4172,493,1578,5972,3091,2902,11442,1954,2091,10731,Day_1,Medium,Intermediate,5mm,Experiment_2
2025-10-23T02:52:06.621Z,155,1147,4170,490,1575,5972,3099,2902,11456,1952,2092,10739,Day_1,Medium,Intermediate,5mm,Experiment_2
2025-10-23T02:52:06.661Z,153,1147,4171,489,1573,5974,3109,2905,11471,1951,2092,10746,Day_1,Medium,Intermediate,5mm,Experiment_2
2025-10-23T02:52:06.701Z,154,1148,4171,489,1573,5973,3110,2910,11483,1949,2092,10748,Day_1,Medium,Intermediate,5mm,Experiment_2
2025-10-23T02:52:06.741Z,157,1149,4170,491,1576,5972,3107,2909,11483,1950,2091,10745,Day_1,Medium,Intermediate,5mm,Experiment_2
2025-10-23T02:52:06.781Z,158,1149,4171,493,1581,5979,3113,2897,11462,1957,2085,10738,Day_1,Medium,Intermediate,5mm,Experiment_2
2025-10-23T02:52:06.821Z,158,1150,4170,495,1586,5988,3121,2883,11434,1964,2077,10729,Day_1,Medium,Intermediate,5mm,Experiment_2
2025-10-23T02:52:06.861Z,154,1151,4166,491,1586,5992,3123,2882,11417,1965,2076,10723,Day_1,Medium,Intermediate,5mm,Experiment_2
2025-10-23T02:52:06.901Z,146,1151,4164,482,1580,5989,3126,2893,11415,1965,2080,10720,Day_1,Medium,Intermediate,5mm,Experiment_2
2025-10-23T02:52:06.941Z,144,1150,4169,477,1573,5984,3129,2903,11424,1966,2087,10724,Day_1,Medium,Intermediate,5mm,Experiment_2
2025-10-23T02:52:06.981Z,152,1148,4173,482,1568,5981,3123,2907,11440,1961,2091,10730,Day_1,Medium,Intermediate,5mm,Experiment_2
2025-10-23T02:52:07.021Z,161,1147,4171,491,1568,5976,3109,2909,11456,1954,2093,10737,Day_1,Medium,Intermediate,5mm,Experiment_2
2025-10-23T02:52:07.061Z,161,1152,4171,496,1574,5971,3092,2913,11467,1947,2092,10741,Day_1,Medium,Intermediate,5mm,Experiment_2
2025-10-23T02:52:07.101Z,156,1158,4176,496,1582,5968,3081,2914,11469,1942,2088,10744,Day_1,Medium,Intermediate,5mm,Experiment_2
2025-10-23T02:52:07.141Z,157,1157,4180,495,1585,5968,3087,2908,11465,1942,2083,10744,Day_1,Medium,Intermediate,5mm,Experiment_2
2025-10-23T02:52:07.181Z,163,1153,4179,494,1586,5967,3107,2898,11464,1949,2080,10741,Day_1,Medium,Intermediate,5mm,Experiment_2
2025-10-23T02:52:07.221Z,164,1155,4175,491,1592,5964,3116,2893,11477,1953,2081,10743,Day_1,Medium,Intermediate,5mm,Experiment_2
2025-10-23T02:52:07.261Z,163,1161,4171,488,1598,5963,3100,2895,11503,1950,2083,10754,Day_1,Medium,Intermediate,5mm,Experiment_2
2025-10-23T02:52:07.301Z,160,1163,4169,486,1596,5968,3077,2897,11516,1943,2082,10763,Day_1,Medium,Intermediate,5mm,Experiment_2
2025-10-23T02:52:07.341Z,157,1156,4170,486,1589,5976,3067,2902,11502,1944,2083,10763,Day_1,Medium,Intermediate,5mm,Experiment_2
2025-10-23T02:52:07.381Z,154,1150,4172,487,1583,5987,3077,2913,11475,1953,2088,10759,Day_1,Medium,Intermediate,5mm,Experiment_2
2025-10-23T02:52:07.421Z,152,1150,4173,486,1581,5999,3099,2922,11454,1962,2095,10756,Day_1,Medium,Intermediate,5mm,Experiment_2
2025-10-23T02:52:07.461Z,150,1150,4174,484,1578,6005,3115,2923,11444,1965,2098,10753,Day_1,Medium,Intermediate,5mm,Experiment_2
2025-10-23T02:52:07.501Z,149,1146,4176,481,1572,6002,3117,2911,11443,1961,2092,10748,Day_1,Medium,Intermediate,5mm,Experiment_2
2025-10-23T02:52:07.541Z,149,1142,4176,477,1567,5992,3114,2886,11450,1958,2076,10746,Day_1,Medium,Intermediate,5mm,Experiment_2
2025-10-23T02:52:07.581Z,154,1142,4172,476,1566,5980,3112,2857,11467,1956,2060,10751,Day_1,Medium,Intermediate,5mm,Experiment_2
2025-10-23T02:52:07.621Z,162,1142,4165,481,1567,5969,3110,2843,11484,1956,2055,10759,Day_1,Medium,Intermediate,5mm,Experiment_2
2025-10-23T02:52:07.661Z,165,1144,4163,488,1569,5964,3108,2850,11495,1958,2064,10763,Day_1,Medium,Intermediate,5mm,Experiment_2
2025-10-23T02:52:07.701Z,161,1149,4171,490,1571,5967,3116,2870,11501,1965,2077,10761,Day_1,Medium,Intermediate,5mm,Experiment_2
2025-10-23T02:52:07.741Z,156,1157,4180,488,1574,5970,3133,2889,11501,1974,2086,10755,Day_1,Medium,Intermediate,5mm,Experiment_2
2025-10-23T02:52:07.781Z,153,1159,4177,485,1575,5969,3142,2895,11497,1977,2088,10748,Day_1,Medium,Intermediate,5mm,Experiment_2
2025-10-23T02:52:07.821Z,153,1156,4168,482,1573,5966,3134,2888,11496,1972,2081,10744,Day_1,Medium,Intermediate,5mm,Experiment_2
2025-10-23T02:52:07.861Z,158,1151,4163,484,1574,5967,3120,2871,11496,1965,2071,10741,Day_1,Medium,Intermediate,5mm,Experiment_2
2025-10-23T02:52:07.901Z,164,1152,4164,490,1581,5974,3112,2857,11486,1959,2066,10740,Day_1,Medium,Intermediate,5mm,Experiment_2
2025-10-23T02:52:07.941Z,164,1154,4169,496,1589,5988,3113,2856,11467,1959,2067,10739,Day_1,Medium,Intermediate,5mm,Experiment_2
2025-10-23T02:52:07.981Z,161,1148,4177,496,1590,6001,3118,2865,11446,1962,2070,10735,Day_1,Medium,Intermediate,5mm,Experiment_2
2025-10-23T02:52:08.021Z,158,1138,4181,492,1583,6004,3120,2879,11429,1966,2076,10728,Day_1,Medium,Intermediate,5mm,Experiment_2
2025-10-23T02:52:08.061Z,155,1132,4180,485,1573,5994,3125,2891,11422,1970,2080,10724,Day_1,Medium,Intermediate,5mm,Experiment_2
2025-10-23T02:52:08.101Z,155,1132,4176,483,1567,5980,3129,2902,11429,1971,2082,10725,Day_1,Medium,Intermediate,5mm,Experiment_2
2025-10-23T02:52:08.141Z,161,1135,4172,486,1566,5971,3120,2913,11441,1965,2086,10729,Day_1,Medium,Intermediate,5mm,Experiment_2
2025-10-23T02:52:08.181Z,164,1134,4170,488,1567,5971,3104,2924,11445,1957,2094,10733,Day_1,Medium,Intermediate,5mm,Experiment_2
2025-10-23T02:52:08.221Z,161,1132,4171,489,1568,5978,3098,2932,11441,1953,2100,10735,Day_1,Medium,Intermediate,5mm,Experiment_2
2025-10-23T02:52:08.261Z,159,1132,4179,491,1568,5986,3105,2937,11439,1957,2101,10733,Day_1,Medium,Intermediate,5mm,Experiment_2
2025-10-23T02:52:08.301Z,159,1130,4185,493,1568,5988,3111,2935,11441,1961,2096,10730,Day_1,Medium,Intermediate,5mm,Experiment_2
2025-10-23T02:52:08.341Z,160,1127,4185,493,1566,5983,3113,2925,11444,1964,2090,10729,Day_1,Medium,Intermediate,5mm,Experiment_2
2025-10-23T02:52:08.381Z,159,1121,4177,491,1564,5976,3122,2914,11447,1969,2087,10732,Day_1,Medium,Intermediate,5mm,Experiment_2
2025-10-23T02:52:08.421Z,162,1118,4169,491,1563,5970,3130,2911,11456,1971,2089,10739,Day_1,Medium,Intermediate,5mm,Experiment_2
2025-10-23T02:52:08.461Z,166,1119,4167,493,1566,5971,3122,2914,11477,1962,2094,10749,Day_1,Medium,Intermediate,5mm,Experiment_2
2025-10-23T02:52:08.501Z,166,1124,4172,495,1571,5982,3103,2916,11493,1951,2097,10758,Day_1,Medium,Intermediate,5mm,Experiment_2
2025-10-23T02:52:08.541Z,163,1135,4177,496,1581,6001,3097,2910,11486,1951,2095,10761,Day_1,Medium,Intermediate,5mm,Experiment_2
2025-10-23T02:52:08.581Z,158,1150,4178,493,1591,6012,3106,2899,11470,1957,2090,10760,Day_1,Medium,Intermediate,5mm,Experiment_2
2025-10-23T02:52:08.621Z,154,1157,4174,489,1592,6007,3118,2896,11458,1961,2087,10753,Day_1,Medium,Intermediate,5mm,Experiment_2
2025-10-23T02:52:08.662Z,155,1156,4169,489,1585,5994,3123,2898,11454,1960,2085,10746,Day_1,Medium,Intermediate,5mm,Experiment_2
2025-10-23T02:52:08.702Z,160,1157,4162,492,1583,5982,3121,2900,11458,1958,2083,10741,Day_1,Medium,Intermediate,5mm,Experiment_2
2025-10-23T02:52:08.742Z,164,1163,4156,493,1587,5974,3111,2905,11466,1955,2084,10738,Day_1,Medium,Intermediate,5mm,Experiment_2
2025-10-23T02:52:08.782Z,166,1166,4155,492,1593,5971,3102,2914,11465,1951,2088,10735,Day_1,Medium,Intermediate,5mm,Experiment_2
2025-10-23T02:52:08.822Z,169,1163,4156,494,1592,5970,3104,2917,11460,1949,2092,10734,Day_1,Medium,Intermediate,5mm,Experiment_2
2025-10-23T02:52:08.862Z,174,1156,4156,495,1587,5966,3112,2911,11462,1953,2092,10738,Day_1,Medium,Intermediate,5mm,Experiment_2
2025-10-23T02:52:08.902Z,174,1151,4156,491,1583,5965,3113,2907,11461,1959,2092,10739,Day_1,Medium,Intermediate,5mm,Experiment_2
2025-10-23T02:52:08.942Z,168,1148,4159,485,1582,5968,3107,2906,11448,1962,2093,10735,Day_1,Medium,Intermediate,5mm,Experiment_2
2025-10-23T02:52:08.982Z,166,1146,4163,484,1580,5970,3102,2901,11434,1961,2092,10731,Day_1,Medium,Intermediate,5mm,Experiment_2
2025-10-23T02:52:09.021Z,169,1146,4165,489,1580,5970,3099,2892,11433,1960,2086,10733,Day_1,Medium,Intermediate,5mm,Experiment_2
2025-10-23T02:52:09.061Z,173,1143,4171,496,1580,5979,3097,2884,11444,1960,2076,10739,Day_1,Medium,Intermediate,5mm,Experiment_2
2025-10-23T02:52:09.101Z,171,1135,4182,498,1579,5997,3101,2879,11449,1962,2073,10740,Day_1,Medium,Intermediate,5mm,Experiment_2
2025-10-23T02:52:09.141Z,162,1131,4191,496,1579,6013,3113,2881,11442,1964,2081,10734,Day_1,Medium,Intermediate,5mm,Experiment_2
2025-10-23T02:52:09.181Z,155,1133,4189,495,1582,6014,3123,2888,11437,1963,2091,10733,Day_1,Medium,Intermediate,5mm,Experiment_2
2025-10-23T02:52:09.221Z,156,1136,4179,497,1583,6001,3122,2902,11447,1958,2096,10740,Day_1,Medium,Intermediate,5mm,Experiment_2
2025-10-23T02:52:09.261Z,157,1135,4168,494,1582,5987,3114,2918,11463,1951,2096,10747,Day_1,Medium,Intermediate,5mm,Experiment_2
2025-10-23T02:52:09.301Z,154,1132,4161,485,1580,5976,3111,2922,11472,1951,2093,10748,Day_1,Medium,Intermediate,5mm,Experiment_2
2025-10-23T02:52:09.341Z,154,1133,4158,479,1577,5971,3121,2909,11474,1961,2086,10745,Day_1,Medium,Intermediate,5mm,Experiment_2
2025-10-23T02:52:09.382Z,167,1143,4160,487,1576,5971,3136,2899,11475,1971,2081,10742,Day_1,Medium,Intermediate,5mm,Experiment_2
2025-10-23T02:52:09.422Z,188,1154,4164,504,1577,5971,3143,2895,11475,1973,2080,10739,Day_1,Medium,Intermediate,5mm,Experiment_2
2025-10-23T02:52:09.462Z,201,1157,4171,514,1575,5969,3142,2888,11471,1970,2079,10737,Day_1,Medium,Intermediate,5mm,Experiment_2
2025-10-23T02:52:09.502Z,196,1152,4176,508,1574,5967,3134,2879,11456,1966,2075,10734,Day_1,Medium,Intermediate,5mm,Experiment_2
2025-10-23T02:52:09.542Z,177,1146,4179,491,1574,5967,3120,2873,11439,1963,2072,10731,Day_1,Medium,Intermediate,5mm,Experiment_2
2025-10-23T02:52:09.582Z,157,1140,4181,476,1575,5968,3108,2872,11436,1960,2069,10731,Day_1,Medium,Intermediate,5mm,Experiment_2
2025-10-23T02:52:09.622Z,151,1138,4181,476,1573,5968,3106,2875,11447,1958,2069,10734,Day_1,Medium,Intermediate,5mm,Experiment_2
2025-10-23T02:52:09.662Z,159,1136,4180,489,1568,5972,3113,2879,11457,1954,2070,10732,Day_1,Medium,Intermediate,5mm,Experiment_2
2025-10-23T02:52:09.702Z,166,1134,4180,502,1564,5981,3112,2879,11461,1949,2070,10728,Day_1,Medium,Intermediate,5mm,Experiment_2
2025-10-23T02:52:09.742Z,165,1135,4177,505,1565,5988,3107,2882,11461,1946,2070,10727,Day_1,Medium,Intermediate,5mm,Experiment_2
2025-10-23T02:52:09.782Z,161,1137,4171,503,1569,5988,3112,2896,11459,1950,2077,10730,Day_1,Medium,Intermediate,5mm,Experiment_2
2025-10-23T02:52:09.822Z,159,1137,4165,496,1571,5983,3125,2912,11465,1957,2086,10738,Day_1,Medium,Intermediate,5mm,Experiment_2
2025-10-23T02:52:09.862Z,155,1143,4164,484,1574,5978,3133,2918,11482,1962,2092,10746,Day_1,Medium,Intermediate,5mm,Experiment_2
2025-10-23T02:52:09.902Z,150,1152,4167,473,1578,5978,3132,2916,11497,1962,2094,10750,Day_1,Medium,Intermediate,5mm,Experiment_2
2025-10-23T02:52:09.942Z,147,1160,4175,469,1583,5984,3125,2917,11504,1958,2096,10750,Day_1,Medium,Intermediate,5mm,Experiment_2
2025-10-23T02:52:09.982Z,153,1161,4184,474,1587,5991,3124,2918,11503,1955,2096,10749,Day_1,Medium,Intermediate,5mm,Experiment_2
2025-10-23T02:52:10.022Z,164,1160,4184,484,1588,5989,3127,2916,11493,1958,2094,10747,Day_1,Medium,Intermediate,5mm,Experiment_2
2025-10-23T02:52:10.062Z,171,1159,4177,491,1587,5980,3123,2917,11475,1961,2091,10744,Day_1,Medium,Intermediate,5mm,Experiment_2
2025-10-23T02:52:10.102Z,171,1154,4171,493,1581,5971,3119,2919,11460,1965,2091,10741,Day_1,Medium,Intermediate,5mm,Experiment_2
2025-10-23T02:52:10.142Z,169,1140,4169,494,1570,5967,3122,2922,11457,1969,2095,10741,Day_1,Medium,Intermediate,5mm,Experiment_2
2025-10-23T02:52:10.182Z,168,1129,4170,495,1562,5969,3121,2927,11466,1971,2100,10746,Day_1,Medium,Intermediate,5mm,Experiment_2
2025-10-23T02:52:10.222Z,169,1132,4174,497,1562,5981,3112,2931,11477,1968,2101,10749,Day_1,Medium,Intermediate,5mm,Experiment_2
2025-10-23T02:52:10.262Z,173,1144,4180,503,1569,5999,3097,2929,11473,1961,2100,10745,Day_1,Medium,Intermediate,5mm,Experiment_2
