Participant,Channel,Hardware Channel,Metric,Mean,Std,Day,SkinTone,Speed,Depth,Experiment
Dark_Fast_5mm,Unpolarized_A_Green,C5,PI,-237.39811843432295,79.39314849856855,Day_1,Dark,Fast,5mm,Experiment_2
Dark_Fast_5mm,Unpolarized_A_Red,C2,PI,-147.83954448202547,68.02062608977421,Day_1,Dark,Fast,5mm,Experiment_2
Dark_Fast_5mm,Unpolarized_A_IR,C4,PI,-236.52662808509365,77.37868067051087,Day_1,Dark,Fast,5mm,Experiment_2
Dark_Fast_5mm,Unpolarized_B_Green,C11,PI,-232.25625072725745,25.625583636196183,Day_1,Dark,Fast,5mm,Experiment_2
Dark_Fast_5mm,Unpolarized_B_Red,C8,PI,-233.43895940428956,0.0,Day_1,Dark,Fast,5mm,Experiment_2
Dark_Fast_5mm,Unpolarized_B_IR,C10,PI,-243.2891874132472,0.0,Day_1,Dark,Fast,5mm,Experiment_2
Dark_Fast_5mm,Co-Polarized_Green,C13,PI,-128.60515818476864,302.69879566246266,Day_1,Dark,Fast,5mm,Experiment_2
Dark_Fast_5mm,Co-Polarized_Red,C12,PI,-241.21738875400484,198.88387556182764,Day_1,Dark,Fast,5mm,Experiment_2
Dark_Fast_5mm,Co-Polarized_IR,C15,PI,-185.3806197580369,31.66734121003983,Day_1,Dark,Fast,5mm,Experiment_2
Dark_Fast_5mm,Cross-Polarized_Green,C19,PI,-231.05212695899507,63.84707165941836,Day_1,Dark,Fast,5mm,Experiment_2
Dark_Fast_5mm,Cross-Polarized_Red,C18,PI,-235.86885119628604,95.0478882668621,Day_1,Dark,Fast,5mm,Experiment_2
Dark_Fast_5mm,Cross-Polarized_IR,C21,PI,-212.6885524134113,30.897953782893776,Day_1,Dark,Fast,5mm,Experiment_2
Dark_Intermediate_2.5mm,Unpolarized_A_Green,C5,PI,,,Day_1,Dark,Intermediate,2.5mm,Experiment_2
Dark_Intermediate_2.5mm,Unpolarized_A_Red,C2,PI,-202.01801570713087,58.43457750354327,Day_1,Dark,Intermediate,2.5mm,Experiment_2
Dark_Intermediate_2.5mm,Unpolarized_A_IR,C4,PI,-270.6684754298477,188.6793659613874,Day_1,Dark,Intermediate,2.5mm,Experiment_2
Dark_Intermediate_2.5mm,Unpolarized_B_Green,C11,PI,-262.6094643938854,0.0,Day_1,Dark,Intermediate,2.5mm,Experiment_2
Dark_Intermediate_2.5mm,Unpolarized_B_Red,C8,PI,-229.93499217920507,35.37209577507794,Day_1,Dark,Intermediate,2.5mm,Experiment_2
Dark_Intermediate_2.5mm,Unpolarized_B_IR,C10,PI,-196.02272709246768,33.51240380225456,Day_1,Dark,Intermediate,2.5mm,Experiment_2
Dark_Intermediate_2.5mm,Co-Polarized_Green,C13,PI,-185.78078322451967,42.908453893295835,Day_1,Dark,Intermediate,2.5mm,Experiment_2
Dark_Intermediate_2.5mm,Co-Polarized_Red,C12,PI,-23.398294055925344,348.2573696265603,Day_1,Dark,Intermediate,2.5mm,Experiment_2
Dark_Intermediate_2.5mm,Co-Polarized_IR,C15,PI,-256.40113735980816,208.79427882589525,Day_1,Dark,Intermediate,2.5mm,Experiment_2
Dark_Intermediate_2.5mm,Cross-Polarized_Green,C19,PI,-201.00677142340376,44.76383648884674,Day_1,Dark,Intermediate,2.5mm,Experiment_2
Dark_Intermediate_2.5mm,Cross-Polarized_Red,C18,PI,-224.2754224095171,105.79279433720129,Day_1,Dark,Intermediate,2.5mm,Experiment_2
Dark_Intermediate_2.5mm,Cross-Polarized_IR,C21,PI,-212.20685984324703,53.86612139530772,Day_1,Dark,Intermediate,2.5mm,Experiment_2
Dark_Intermediate_3.75mm,Unpolarized_A_Green,C5,PI,,,Day_1,Dark,Intermediate,3.75mm,Experiment_2
Dark_Intermediate_3.75mm,Unpolarized_A_Red,C2,PI,,,Day_1,Dark,Intermediate,3.75mm,Experiment_2
Dark_Intermediate_3.75mm,Unpolarized_A_IR,C4,PI,,,Day_1,Dark,Intermediate,3.75mm,Experiment_2
Dark_Intermediate_3.75mm,Unpolarized_B_Green,C11,PI,,,Day_1,Dark,Intermediate,3.75mm,Experiment_2
Dark_Intermediate_3.75mm,Unpolarized_B_Red,C8,PI,,,Day_1,Dark,Intermediate,3.75mm,Experiment_2
Dark_Intermediate_3.75mm,Unpolarized_B_IR,C10,PI,,,Day_1,Dark,Intermediate,3.75mm,Experiment_2
Dark_Intermediate_3.75mm,Co-Polarized_Green,C13,PI,,,Day_1,Dark,Intermediate,3.75mm,Experiment_2
Dark_Intermediate_3.75mm,Co-Polarized_Red,C12,PI,,,Day_1,Dark,Intermediate,3.75mm,Experiment_2
Dark_Intermediate_3.75mm,Co-Polarized_IR,C15,PI,,,Day_1,Dark,Intermediate,3.75mm,Experiment_2
Dark_Intermediate_3.75mm,Cross-Polarized_Green,C19,PI,,,Day_1,Dark,Intermediate,3.75mm,Experiment_2
Dark_Intermediate_3.75mm,Cross-Polarized_Red,C18,PI,,,Day_1,Dark,Intermediate,3.75mm,Experiment_2
Dark_Intermediate_3.75mm,Cross-Polarized_IR,C21,PI,,,Day_1,Dark,Intermediate,3.75mm,Experiment_2
Dark_Slow_5mm,Unpolarized_A_Green,C5,PI,-214.19302653728565,56.28005792854046,Day_1,Dark,Slow,5mm,Experiment_2
Dark_Slow_5mm,Unpolarized_A_Red,C2,PI,-226.5733679040303,14.846439455667792,Day_1,Dark,Slow,5mm,Experiment_2
Dark_Slow_5mm,Unpolarized_A_IR,C4,PI,-166.53009089283702,25.141342743073196,Day_1,Dark,Slow,5mm,Experiment_2
Dark_Slow_5mm,Unpolarized_B_Green,C11,PI,,,Day_1,Dark,Slow,5mm,Experiment_2
Dark_Slow_5mm,Unpolarized_B_Red,C8,PI,,,Day_1,Dark,Slow,5mm,Experiment_2
Dark_Slow_5mm,Unpolarized_B_IR,C10,PI,-252.0463115598709,27.371629710614755,Day_1,Dark,Slow,5mm,Experiment_2
Dark_Slow_5mm,Co-Polarized_Green,C13,PI,-230.8072027085568,57.93226736046243,Day_1,Dark,Slow,5mm,Experiment_2
Dark_Slow_5mm,Co-Polarized_Red,C12,PI,-222.56353558546945,38.72523215241312,Day_1,Dark,Slow,5mm,Experiment_2
Dark_Slow_5mm,Co-Polarized_IR,C15,PI,-156.653322467541,369.5529340247032,Day_1,Dark,Slow,5mm,Experiment_2
Dark_Slow_5mm,Cross-Polarized_Green,C19,PI,-203.26124978639888,28.419427016377448,Day_1,Dark,Slow,5mm,Experiment_2
Dark_Slow_5mm,Cross-Polarized_Red,C18,PI,-210.38374415454888,31.721900579861476,Day_1,Dark,Slow,5mm,Experiment_2
Dark_Slow_5mm,Cross-Polarized_IR,C21,PI,-209.6587257765652,26.150281221447383,Day_1,Dark,Slow,5mm,Experiment_2
Dark_Slow_3.75mm,Unpolarized_A_Green,C5,PI,,,Day_1,Dark,Slow,3.75mm,Experiment_2
Dark_Slow_3.75mm,Unpolarized_A_Red,C2,PI,,,Day_1,Dark,Slow,3.75mm,Experiment_2
Dark_Slow_3.75mm,Unpolarized_A_IR,C4,PI,-211.4595861860711,23.207569012240825,Day_1,Dark,Slow,3.75mm,Experiment_2
Dark_Slow_3.75mm,Unpolarized_B_Green,C11,PI,,,Day_1,Dark,Slow,3.75mm,Experiment_2
Dark_Slow_3.75mm,Unpolarized_B_Red,C8,PI,,,Day_1,Dark,Slow,3.75mm,Experiment_2
Dark_Slow_3.75mm,Unpolarized_B_IR,C10,PI,,,Day_1,Dark,Slow,3.75mm,Experiment_2
Dark_Slow_3.75mm,Co-Polarized_Green,C13,PI,-213.97979504855795,43.8027254501528,Day_1,Dark,Slow,3.75mm,Experiment_2
Dark_Slow_3.75mm,Co-Polarized_Red,C12,PI,-236.51134099027453,42.15836231973661,Day_1,Dark,Slow,3.75mm,Experiment_2
Dark_Slow_3.75mm,Co-Polarized_IR,C15,PI,-206.1533110411225,45.662935936574904,Day_1,Dark,Slow,3.75mm,Experiment_2
Dark_Slow_3.75mm,Cross-Polarized_Green,C19,PI,-227.78645653758673,54.261688083717125,Day_1,Dark,Slow,3.75mm,Experiment_2
Dark_Slow_3.75mm,Cross-Polarized_Red,C18,PI,-208.04681432186447,22.46338744454725,Day_1,Dark,Slow,3.75mm,Experiment_2
Dark_Slow_3.75mm,Cross-Polarized_IR,C21,PI,-225.90044527451695,18.20211708640487,Day_1,Dark,Slow,3.75mm,Experiment_2
Dark_Fast_2.5mm,Unpolarized_A_Green,C5,PI,-199.3564868314652,66.86802179684014,Day_1,Dark,Fast,2.5mm,Experiment_2
Dark_Fast_2.5mm,Unpolarized_A_Red,C2,PI,-223.82479996184256,44.884650634744595,Day_1,Dark,Fast,2.5mm,Experiment_2
Dark_Fast_2.5mm,Unpolarized_A_IR,C4,PI,-243.56143344088457,101.20256151513232,Day_1,Dark,Fast,2.5mm,Experiment_2
Dark_Fast_2.5mm,Unpolarized_B_Green,C11,PI,-241.7834490348148,0.0,Day_1,Dark,Fast,2.5mm,Experiment_2
Dark_Fast_2.5mm,Unpolarized_B_Red,C8,PI,,,Day_1,Dark,Fast,2.5mm,Experiment_2
Dark_Fast_2.5mm,Unpolarized_B_IR,C10,PI,-248.34052705261797,34.21544119280156,Day_1,Dark,Fast,2.5mm,Experiment_2
Dark_Fast_2.5mm,Co-Polarized_Green,C13,PI,-232.30838031834912,86.34350196806585,Day_1,Dark,Fast,2.5mm,Experiment_2
Dark_Fast_2.5mm,Co-Polarized_Red,C12,PI,-303.7765616973575,335.9152353966413,Day_1,Dark,Fast,2.5mm,Experiment_2
Dark_Fast_2.5mm,Co-Polarized_IR,C15,PI,-176.60135933024975,79.23282200683101,Day_1,Dark,Fast,2.5mm,Experiment_2
Dark_Fast_2.5mm,Cross-Polarized_Green,C19,PI,-226.109000452534,100.47638654636395,Day_1,Dark,Fast,2.5mm,Experiment_2
Dark_Fast_2.5mm,Cross-Polarized_Red,C18,PI,-218.97801122605205,119.64115037657366,Day_1,Dark,Fast,2.5mm,Experiment_2
Dark_Fast_2.5mm,Cross-Polarized_IR,C21,PI,-170.5965650933788,74.54580774259479,Day_1,Dark,Fast,2.5mm,Experiment_2
Dark_Fast_3.75mm,Unpolarized_A_Green,C5,PI,-256.35678433454933,89.36460130941805,Day_1,Dark,Fast,3.75mm,Experiment_2
Dark_Fast_3.75mm,Unpolarized_A_Red,C2,PI,-209.09348482107615,49.00293346461822,Day_1,Dark,Fast,3.75mm,Experiment_2
Dark_Fast_3.75mm,Unpolarized_A_IR,C4,PI,,,Day_1,Dark,Fast,3.75mm,Experiment_2
Dark_Fast_3.75mm,Unpolarized_B_Green,C11,PI,,,Day_1,Dark,Fast,3.75mm,Experiment_2
Dark_Fast_3.75mm,Unpolarized_B_Red,C8,PI,,,Day_1,Dark,Fast,3.75mm,Experiment_2
Dark_Fast_3.75mm,Unpolarized_B_IR,C10,PI,-230.4928526644165,0.0,Day_1,Dark,Fast,3.75mm,Experiment_2
Dark_Fast_3.75mm,Co-Polarized_Green,C13,PI,-199.62635215098325,30.89325352748814,Day_1,Dark,Fast,3.75mm,Experiment_2
Dark_Fast_3.75mm,Co-Polarized_Red,C12,PI,-205.716007157331,40.340190952348294,Day_1,Dark,Fast,3.75mm,Experiment_2
Dark_Fast_3.75mm,Co-Polarized_IR,C15,PI,-223.92473451270183,70.26585072821175,Day_1,Dark,Fast,3.75mm,Experiment_2
Dark_Fast_3.75mm,Cross-Polarized_Green,C19,PI,-228.7405266056049,10.218549175095916,Day_1,Dark,Fast,3.75mm,Experiment_2
Dark_Fast_3.75mm,Cross-Polarized_Red,C18,PI,-213.7930959726772,63.9506909225796,Day_1,Dark,Fast,3.75mm,Experiment_2
Dark_Fast_3.75mm,Cross-Polarized_IR,C21,PI,,,Day_1,Dark,Fast,3.75mm,Experiment_2
Dark_Slow_2.5mm,Unpolarized_A_Green,C5,PI,,,Day_1,Dark,Slow,2.5mm,Experiment_2
Dark_Slow_2.5mm,Unpolarized_A_Red,C2,PI,,,Day_1,Dark,Slow,2.5mm,Experiment_2
Dark_Slow_2.5mm,Unpolarized_A_IR,C4,PI,,,Day_1,Dark,Slow,2.5mm,Experiment_2
Dark_Slow_2.5mm,Unpolarized_B_Green,C11,PI,,,Day_1,Dark,Slow,2.5mm,Experiment_2
Dark_Slow_2.5mm,Unpolarized_B_Red,C8,PI,,,Day_1,Dark,Slow,2.5mm,Experiment_2
Dark_Slow_2.5mm,Unpolarized_B_IR,C10,PI,,,Day_1,Dark,Slow,2.5mm,Experiment_2
Dark_Slow_2.5mm,Co-Polarized_Green,C13,PI,,,Day_1,Dark,Slow,2.5mm,Experiment_2
Dark_Slow_2.5mm,Co-Polarized_Red,C12,PI,,,Day_1,Dark,Slow,2.5mm,Experiment_2
Dark_Slow_2.5mm,Co-Polarized_IR,C15,PI,,,Day_1,Dark,Slow,2.5mm,Experiment_2
Dark_Slow_2.5mm,Cross-Polarized_Green,C19,PI,,,Day_1,Dark,Slow,2.5mm,Experiment_2
Dark_Slow_2.5mm,Cross-Polarized_Red,C18,PI,,,Day_1,Dark,Slow,2.5mm,Experiment_2
Dark_Slow_2.5mm,Cross-Polarized_IR,C21,PI,,,Day_1,Dark,Slow,2.5mm,Experiment_2
Dark_Intermediate_5mm,Unpolarized_A_Green,C5,PI,-229.48113072971947,63.16784542972489,Day_1,Dark,Intermediate,5mm,Experiment_2
Dark_Intermediate_5mm,Unpolarized_A_Red,C2,PI,-335.40031984311094,92.24641520364607,Day_1,Dark,Intermediate,5mm,Experiment_2
Dark_Intermediate_5mm,Unpolarized_A_IR,C4,PI,,,Day_1,Dark,Intermediate,5mm,Experiment_2
Dark_Intermediate_5mm,Unpolarized_B_Green,C11,PI,,,Day_1,Dark,Intermediate,5mm,Experiment_2
Dark_Intermediate_5mm,Unpolarized_B_Red,C8,PI,,,Day_1,Dark,Intermediate,5mm,Experiment_2
Dark_Intermediate_5mm,Unpolarized_B_IR,C10,PI,-261.5729201526272,0.0,Day_1,Dark,Intermediate,5mm,Experiment_2
Dark_Intermediate_5mm,Co-Polarized_Green,C13,PI,-211.02194078647628,55.871612998692484,Day_1,Dark,Intermediate,5mm,Experiment_2
Dark_Intermediate_5mm,Co-Polarized_Red,C12,PI,-177.0612597871762,230.34391501175784,Day_1,Dark,Intermediate,5mm,Experiment_2
Dark_Intermediate_5mm,Co-Polarized_IR,C15,PI,-231.64731663247377,102.26527962511744,Day_1,Dark,Intermediate,5mm,Experiment_2
Dark_Intermediate_5mm,Cross-Polarized_Green,C19,PI,-210.94853406746597,44.36328455623781,Day_1,Dark,Intermediate,5mm,Experiment_2
Dark_Intermediate_5mm,Cross-Polarized_Red,C18,PI,-193.21132746819737,33.813460910600924,Day_1,Dark,Intermediate,5mm,Experiment_2
Dark_Intermediate_5mm,Cross-Polarized_IR,C21,PI,-200.00823672414867,46.45794959089918,Day_1,Dark,Intermediate,5mm,Experiment_2
